PRAGMA foreign_keys=OFF;
BEGIN TRANSACTION;
CREATE TABLE Categorias(
  id INTEGER PRIMARY KEY AUTOINCREMENT,
  nombre VARCHAR(30)
);
INSERT INTO Categorias VALUES(1,'Alimentos');
INSERT INTO Categorias VALUES(2,'Familia');
INSERT INTO Categorias VALUES(3,'Animales');
INSERT INTO Categorias VALUES(4,'Colores');
INSERT INTO Categorias VALUES(5,'Lugares');
INSERT INTO Categorias VALUES(6,'Transporte');
INSERT INTO Categorias VALUES(7,'Dias de la Semana');
INSERT INTO Categorias VALUES(8,'Partes del Cuerpo');
INSERT INTO Categorias VALUES(9,'Sentidos');
INSERT INTO Categorias VALUES(10,'Verbos');
INSERT INTO Categorias VALUES(11,'Frutas');
INSERT INTO Categorias VALUES(12,'Numeros');
INSERT INTO Categorias VALUES(13,'Objetos del Salon');
INSERT INTO Categorias VALUES(14,'Proceres');
INSERT INTO Categorias VALUES(15,'Ropa');
INSERT INTO Categorias VALUES(16,'Utiles');
INSERT INTO Categorias VALUES(17,'Verbos AR');
INSERT INTO Categorias VALUES(18,'Verbos ER');
INSERT INTO Categorias VALUES(19,'Sitios Turisticos');
INSERT INTO Categorias VALUES(20,'Adjetivos');
INSERT INTO Categorias VALUES(21,'Verbos IR');}

CREATE TABLE Niveles(
  id INTEGER PRIMARY KEY AUTOINCREMENT,
  nombre VARCHAR(30),
  grado INTEGER
);

INSERT INTO Niveles VALUES(1,'Maternal Completo',-1);
INSERT INTO Niveles VALUES(2,'Maternal Alimentos',-1);
INSERT INTO Niveles VALUES(3,'Maternal Animales',-1);
INSERT INTO Niveles VALUES(4,'Maternal Colores',-1);
INSERT INTO Niveles VALUES(5,'Maternal Familia',-1);
INSERT INTO Niveles VALUES(6,'Prescolar Completo',0);
INSERT INTO Niveles VALUES(7,'Prescolar Animales',0);
INSERT INTO Niveles VALUES(8,'Prescolar Colores',0);
INSERT INTO Niveles VALUES(9,'Prescolar Lugares',0);
INSERT INTO Niveles VALUES(10,'1ro Completo',1);
INSERT INTO Niveles VALUES(11,'1ro Familia',1);
INSERT INTO Niveles VALUES(12,'1ro Transporte',1);
INSERT INTO Niveles VALUES(13,'2do Completo',2);
INSERT INTO Niveles VALUES(14,'2do Colores',2);
INSERT INTO Niveles VALUES(15,'2do Dias de la Semana',2);
INSERT INTO Niveles VALUES(16,'2do Partes del Cuerpo',2);
INSERT INTO Niveles VALUES(17,'2do Sentidos',2);
INSERT INTO Niveles VALUES(18,'2do Verbos',2);
INSERT INTO Niveles VALUES(19,'3ro Completo',3);
INSERT INTO Niveles VALUES(20,'3ro Alimentos',3);
INSERT INTO Niveles VALUES(21,'3ro Animales',3);
INSERT INTO Niveles VALUES(22,'3ro Colores',3);
INSERT INTO Niveles VALUES(23,'3ro Frutas',3);
INSERT INTO Niveles VALUES(24,'3ro Lugares',3);
INSERT INTO Niveles VALUES(25,'3ro Numeros',3);
INSERT INTO Niveles VALUES(26,'3ro Objetos del Salon',3);
INSERT INTO Niveles VALUES(27,'3ro Proceres',3);
INSERT INTO Niveles VALUES(28,'3ro Ropa',3);
INSERT INTO Niveles VALUES(29,'3ro Utiles',3);
INSERT INTO Niveles VALUES(30,'4to Completo',4);
INSERT INTO Niveles VALUES(31,'4to Alimentos',4);
INSERT INTO Niveles VALUES(32,'4to Frutas',4);
INSERT INTO Niveles VALUES(33,'4to Lugares',4);
INSERT INTO Niveles VALUES(34,'4to Numeros',4);
INSERT INTO Niveles VALUES(35,'4to Verbos AR',4);
INSERT INTO Niveles VALUES(36,'4to Verbos ER',4);
INSERT INTO Niveles VALUES(37,'5to Completo',5);
INSERT INTO Niveles VALUES(38,'5to Alimentos',5);
INSERT INTO Niveles VALUES(39,'5to Lugares',5);
INSERT INTO Niveles VALUES(40,'5to Sitios Turisticos',5);
INSERT INTO Niveles VALUES(41,'6to Completo',6);
INSERT INTO Niveles VALUES(42,'6to Alimentos',6);
INSERT INTO Niveles VALUES(43,'6to Animales',6);
INSERT INTO Niveles VALUES(44,'6to Colores',6);
INSERT INTO Niveles VALUES(45,'6to Familia',6);
INSERT INTO Niveles VALUES(46,'6to Objetos del Salon',6);
INSERT INTO Niveles VALUES(47,'6to Proceres',6);
INSERT INTO Niveles VALUES(48,'6to Utiles',6);
INSERT INTO Niveles VALUES(49,'4to Adjetivos',4);
INSERT INTO Niveles VALUES(50,'4to Verbos IR',4);

CREATE TABLE CategoriasNivel(
  categoria INTEGER REFERENCES Categorias,
  nivel INTEGER REFERENCES Niveles,
  PRIMARY KEY(categoria,nivel)
);

INSERT INTO CategoriasNivel VALUES(1,1);
INSERT INTO CategoriasNivel VALUES(2,1);
INSERT INTO CategoriasNivel VALUES(3,1);
INSERT INTO CategoriasNivel VALUES(4,1);
INSERT INTO CategoriasNivel VALUES(1,2);
INSERT INTO CategoriasNivel VALUES(3,3);
INSERT INTO CategoriasNivel VALUES(4,4);
INSERT INTO CategoriasNivel VALUES(2,5);
INSERT INTO CategoriasNivel VALUES(3,6);
INSERT INTO CategoriasNivel VALUES(4,6);
INSERT INTO CategoriasNivel VALUES(5,6);
INSERT INTO CategoriasNivel VALUES(3,7);
INSERT INTO CategoriasNivel VALUES(4,8);
INSERT INTO CategoriasNivel VALUES(5,9);
INSERT INTO CategoriasNivel VALUES(2,10);
INSERT INTO CategoriasNivel VALUES(6,10);
INSERT INTO CategoriasNivel VALUES(2,11);
INSERT INTO CategoriasNivel VALUES(6,12);
INSERT INTO CategoriasNivel VALUES(4,13);
INSERT INTO CategoriasNivel VALUES(7,13);
INSERT INTO CategoriasNivel VALUES(8,13);
INSERT INTO CategoriasNivel VALUES(9,13);
INSERT INTO CategoriasNivel VALUES(10,13);
INSERT INTO CategoriasNivel VALUES(4,14);
INSERT INTO CategoriasNivel VALUES(7,15);
INSERT INTO CategoriasNivel VALUES(8,16);
INSERT INTO CategoriasNivel VALUES(9,17);
INSERT INTO CategoriasNivel VALUES(10,18);
INSERT INTO CategoriasNivel VALUES(1,19);
INSERT INTO CategoriasNivel VALUES(3,19);
INSERT INTO CategoriasNivel VALUES(4,19);
INSERT INTO CategoriasNivel VALUES(11,19);
INSERT INTO CategoriasNivel VALUES(5,19);
INSERT INTO CategoriasNivel VALUES(12,19);
INSERT INTO CategoriasNivel VALUES(13,19);
INSERT INTO CategoriasNivel VALUES(14,19);
INSERT INTO CategoriasNivel VALUES(15,19);
INSERT INTO CategoriasNivel VALUES(16,19);
INSERT INTO CategoriasNivel VALUES(1,20);
INSERT INTO CategoriasNivel VALUES(3,21);
INSERT INTO CategoriasNivel VALUES(4,22);
INSERT INTO CategoriasNivel VALUES(11,23);
INSERT INTO CategoriasNivel VALUES(5,24);
INSERT INTO CategoriasNivel VALUES(12,25);
INSERT INTO CategoriasNivel VALUES(13,26);
INSERT INTO CategoriasNivel VALUES(14,27);
INSERT INTO CategoriasNivel VALUES(15,28);
INSERT INTO CategoriasNivel VALUES(16,29);
INSERT INTO CategoriasNivel VALUES(1,30);
INSERT INTO CategoriasNivel VALUES(11,30);
INSERT INTO CategoriasNivel VALUES(5,30);
INSERT INTO CategoriasNivel VALUES(12,30);
INSERT INTO CategoriasNivel VALUES(17,30);
INSERT INTO CategoriasNivel VALUES(18,30);
INSERT INTO CategoriasNivel VALUES(1,31);
INSERT INTO CategoriasNivel VALUES(11,32);
INSERT INTO CategoriasNivel VALUES(5,33);
INSERT INTO CategoriasNivel VALUES(12,34);
INSERT INTO CategoriasNivel VALUES(17,35);
INSERT INTO CategoriasNivel VALUES(18,36);
INSERT INTO CategoriasNivel VALUES(1,37);
INSERT INTO CategoriasNivel VALUES(5,37);
INSERT INTO CategoriasNivel VALUES(19,37);
INSERT INTO CategoriasNivel VALUES(1,38);
INSERT INTO CategoriasNivel VALUES(5,39);
INSERT INTO CategoriasNivel VALUES(19,40);
INSERT INTO CategoriasNivel VALUES(1,41);
INSERT INTO CategoriasNivel VALUES(3,41);
INSERT INTO CategoriasNivel VALUES(4,41);
INSERT INTO CategoriasNivel VALUES(2,41);
INSERT INTO CategoriasNivel VALUES(13,41);
INSERT INTO CategoriasNivel VALUES(14,41);
INSERT INTO CategoriasNivel VALUES(16,41);
INSERT INTO CategoriasNivel VALUES(1,42);
INSERT INTO CategoriasNivel VALUES(3,43);
INSERT INTO CategoriasNivel VALUES(4,44);
INSERT INTO CategoriasNivel VALUES(2,45);
INSERT INTO CategoriasNivel VALUES(13,46);
INSERT INTO CategoriasNivel VALUES(14,47);
INSERT INTO CategoriasNivel VALUES(16,48);
INSERT INTO CategoriasNivel VALUES(20,30);
INSERT INTO CategoriasNivel VALUES(21,30);
INSERT INTO CategoriasNivel VALUES(49,20);
INSERT INTO CategoriasNivel VALUES(50,21);

CREATE TABLE IF NOT EXISTS "Palabras"
(
    nombre TEXT PRIMARY KEY,
    imagen TEXT,
    categoriaId INTEGER,
    FOREIGN KEY (categoriaId) REFERENCES Categorias (id) DEFERRABLE INITIALLY DEFERRED
);

INSERT INTO Palabras VALUES('AGUA','agua.jpg',1);
INSERT INTO Palabras VALUES('AREPA','arepa.jpg',1);
INSERT INTO Palabras VALUES('GALLETA','galleta.jpg',1);
INSERT INTO Palabras VALUES('HUEVO','huevo.jpg',1);
INSERT INTO Palabras VALUES('JUGO','jugo.jpg',1);
INSERT INTO Palabras VALUES('QUESO','queso.jpg',1);
INSERT INTO Palabras VALUES('SOPA','sopa.jpg',1);
INSERT INTO Palabras VALUES('CABALLO','caballo.jpg',3);
INSERT INTO Palabras VALUES('CARACOL','caracol.jpg',3);
INSERT INTO Palabras VALUES('CHIVO','chivo.jpg',3);
INSERT INTO Palabras VALUES('COCHINO','cochino.jpg',3);
INSERT INTO Palabras VALUES('ELEFANTE','elefante.jpg',3);
INSERT INTO Palabras VALUES('GATO','gato.jpg',3);
INSERT INTO Palabras VALUES('LEON','leon.jpg',3);
INSERT INTO Palabras VALUES('OSO','oso.jpg',3);
INSERT INTO Palabras VALUES('PERRO','perro.jpg',3);
INSERT INTO Palabras VALUES('SERPIENTE','serpiente.jpg',3);
INSERT INTO Palabras VALUES('TORTUGA','tortuga.jpg',3);
INSERT INTO Palabras VALUES('VACA','vaca.jpg',3);
INSERT INTO Palabras VALUES('AMARILLO','AMARILLO.jpg',4);
INSERT INTO Palabras VALUES('ANARANJADO','ANARANJADO.jpg',4);
INSERT INTO Palabras VALUES('AZUL','AZUL.jpg',4);
INSERT INTO Palabras VALUES('BLANCO','BLANCO.jpg',4);
INSERT INTO Palabras VALUES('ROJO','ROJO.jpg',4);
INSERT INTO Palabras VALUES('ABUELA','ABUELA.jpg',2);
INSERT INTO Palabras VALUES('ABUELO','ABUELO.jpg',2);
INSERT INTO Palabras VALUES('BEBE','BEBE.jpg',2);
INSERT INTO Palabras VALUES('MAMA','MAMA.jpg',2);
INSERT INTO Palabras VALUES('PAPA','PAPA.jpg',2);
INSERT INTO Palabras VALUES('SAPO','SAPO.jpg',3);
INSERT INTO Palabras VALUES('MARRON','MARRON.jpg',4);
INSERT INTO Palabras VALUES('MORADO','MORADO.jpg',4);
INSERT INTO Palabras VALUES('NEGRO','NEGRO.jpg',4);
INSERT INTO Palabras VALUES('VERDE','VERDE.jpg',4);
INSERT INTO Palabras VALUES('CASA','CASA.jpg',5);
INSERT INTO Palabras VALUES('ESCUELA','ESCUELA.jpg',5);
INSERT INTO Palabras VALUES('PARQUE','PARQUE.jpg',5);
INSERT INTO Palabras VALUES('PLAYA','PLAYA.jpg',5);
INSERT INTO Palabras VALUES('TIA','TIA.gif',2);
INSERT INTO Palabras VALUES('TIO','TIO.gif',2);
INSERT INTO Palabras VALUES('CARRO','CARRO.jpg',6);
INSERT INTO Palabras VALUES('MOTO','MOTO.jpg',6);
INSERT INTO Palabras VALUES('LUNES','LUNES.gif',7);
INSERT INTO Palabras VALUES('MARTES','MARTES.gif',7);
INSERT INTO Palabras VALUES('MIERCOLES','MIERCOLES.gif',7);
INSERT INTO Palabras VALUES('JUEVES','JUEVES.gif',7);
INSERT INTO Palabras VALUES('VIERNES','VIERNES.gif',7);
INSERT INTO Palabras VALUES('BOCA','BOCA.jpg',8);
INSERT INTO Palabras VALUES('BRAZO','BRAZO.jpg',8);
INSERT INTO Palabras VALUES('CABELLO','CABELLO.jpg',8);
INSERT INTO Palabras VALUES('CABEZA','CABEZA.jpg',8);
INSERT INTO Palabras VALUES('CARA','CARA.jpg',8);
INSERT INTO Palabras VALUES('DEDOS','DEDOS.jpg',8);
INSERT INTO Palabras VALUES('DIENTE','DIENTE.jpg',8);
INSERT INTO Palabras VALUES('HUESOS','HUESOS.jpg',8);
INSERT INTO Palabras VALUES('LENGUA','LENGUA.jpeg',8);
INSERT INTO Palabras VALUES('MANO','MANO.jpg',8);
INSERT INTO Palabras VALUES('NARIZ','NARIZ.jpg',8);
INSERT INTO Palabras VALUES('OIDO','OIDO.jpg',8);
INSERT INTO Palabras VALUES('OJOS','OJOS.jpg',8);
INSERT INTO Palabras VALUES('OREJA','OREJA.jpg',8);
INSERT INTO Palabras VALUES('PELO','PELO.jpg',8);
INSERT INTO Palabras VALUES('PENE','PENE.jpg',8);
INSERT INTO Palabras VALUES('PIE','PIE.jpg',8);
INSERT INTO Palabras VALUES('PIEL','PIEL.jpg',8);
INSERT INTO Palabras VALUES('PIERNA','PIERNA.jpg',8);
INSERT INTO Palabras VALUES('VULVA','VULVA.jpg',8);
INSERT INTO Palabras VALUES('GUSTO','GUSTO.jpg',9);
INSERT INTO Palabras VALUES('TACTO','TACTO.jpg',9);
INSERT INTO Palabras VALUES('OIR','OIR.jpg',10);
INSERT INTO Palabras VALUES('OLER','OLER.jpg',10);
INSERT INTO Palabras VALUES('SENTIR','SENTIR.gif',10);
INSERT INTO Palabras VALUES('VER','VER.jpeg',10);
INSERT INTO Palabras VALUES('ATOL','ATOL.jpg',1);
INSERT INTO Palabras VALUES('ARROZ','ARROZ.jpg',1);
INSERT INTO Palabras VALUES('CARNE','CARNE.jpg',1);
INSERT INTO Palabras VALUES('GRANOS','GRANOS.jpg',1);
INSERT INTO Palabras VALUES('HAMBURGUESA','HAMBURGUESA.jpg',1);
INSERT INTO Palabras VALUES('LECHE','LECHE.jpg',1);
INSERT INTO Palabras VALUES('PAN','PAN.jpg',1);
INSERT INTO Palabras VALUES('PASTA','PASTA.jpg',1);
INSERT INTO Palabras VALUES('PASTICHO','PASTICHO.jpg',1);
INSERT INTO Palabras VALUES('PESCADO','PESCADO.jpg',1);
INSERT INTO Palabras VALUES('PIZZA','PIZZA.jpg',1);
INSERT INTO Palabras VALUES('PLATANO','PLATANO.jpg',1);
INSERT INTO Palabras VALUES('POLLO','POLLO.jpg',1);
INSERT INTO Palabras VALUES('YUCA','YUCA.jpg',1);
INSERT INTO Palabras VALUES('GALLINA','GALLINA.jpg',3);
INSERT INTO Palabras VALUES('GALLO','GALLO.jpg',3);
INSERT INTO Palabras VALUES('GUSANO','GUSANO.jpg',3);
INSERT INTO Palabras VALUES('LORO','LORO.jpg',3);
INSERT INTO Palabras VALUES('MARIPOSA','MARIPOSA.jpg',3);
INSERT INTO Palabras VALUES('MONO','MONO.jpg',3);
INSERT INTO Palabras VALUES('PALOMA','PALOMA.jpg',3);
INSERT INTO Palabras VALUES('PEZ','PEZ.jpg',3);
INSERT INTO Palabras VALUES('POLLITO','POLLITO.jpg',3);
INSERT INTO Palabras VALUES('CAMBUR','CAMBUR.jpg',11);
INSERT INTO Palabras VALUES('FRESA','FRESA.jpg',11);
INSERT INTO Palabras VALUES('LECHOZA','LECHOZA.jpg',11);
INSERT INTO Palabras VALUES('MANGO','MANGO.jpg',11);
INSERT INTO Palabras VALUES('MANZANA','MANZANA.jpg',11);
INSERT INTO Palabras VALUES('MORA','MORA.jpg',11);
INSERT INTO Palabras VALUES('PATILLA','PATILLA.jpg',11);
INSERT INTO Palabras VALUES('PERA','PERA.jpg',11);
INSERT INTO Palabras VALUES('UVA','UVA.jpg',11);
INSERT INTO Palabras VALUES('CARNICERIA','CARNICERIA.jpg',5);
INSERT INTO Palabras VALUES('FARMACIA','FARMACIA.jpg',5);
INSERT INTO Palabras VALUES('HOSPITAL','HOSPITAL.jpg',5);
INSERT INTO Palabras VALUES('PLAZA BOLIVAR','PLAZA BOLIVAR.jpg',5);
INSERT INTO Palabras VALUES('POLICIA','POLICIA.jpg',5);
INSERT INTO Palabras VALUES('SALON','SALON.jpg',5);
INSERT INTO Palabras VALUES('SUPERMERCADO','SUPERMERCADO.jpg',5);
INSERT INTO Palabras VALUES('CATORCE','CATORCE.jpg',12);
INSERT INTO Palabras VALUES('CIEN','CIEN.jpg',12);
INSERT INTO Palabras VALUES('CINCO','CINCO.jpg',12);
INSERT INTO Palabras VALUES('CINCUENTA','CINCUENTA.jpg',12);
INSERT INTO Palabras VALUES('CUARENTA','CUARENTA.jpg',12);
INSERT INTO Palabras VALUES('CUATRO','CUATRO.jpg',12);
INSERT INTO Palabras VALUES('DIECINUEVE','DIECINUEVE.jpg',12);
INSERT INTO Palabras VALUES('DIECIOCHO','DIECIOCHO.jpg',12);
INSERT INTO Palabras VALUES('DIECISIETE','DIECISIETE.jpg',12);
INSERT INTO Palabras VALUES('DIEZ','DIEZ.jpg',12);
INSERT INTO Palabras VALUES('DOS','DOS.jpg',12);
INSERT INTO Palabras VALUES('NOVENTA','NOVENTA.jpg',12);
INSERT INTO Palabras VALUES('NUEVE','NUEVE.jpg',12);
INSERT INTO Palabras VALUES('OCHENTA','OCHENTA.jpg',12);
INSERT INTO Palabras VALUES('OCHO','OCHO.jpg',12);
INSERT INTO Palabras VALUES('ONCE','ONCE.jpg',12);
INSERT INTO Palabras VALUES('QUINCE','QUINCE.jpg',12);
INSERT INTO Palabras VALUES('SEIS','SEIS.jpg',12);
INSERT INTO Palabras VALUES('SESENTA','SESENTA.jpg',12);
INSERT INTO Palabras VALUES('SETENTA','SETENTA.jpg',12);
INSERT INTO Palabras VALUES('SIETE','SIETE.jpg',12);
INSERT INTO Palabras VALUES('TRECE','TRECE.jpg',12);
INSERT INTO Palabras VALUES('TREINTA','TREINTA.jpg',12);
INSERT INTO Palabras VALUES('TRES','TRES.jpg',12);
INSERT INTO Palabras VALUES('UNO','UNO.jpg',12);
INSERT INTO Palabras VALUES('VEINTE','VEINTE.jpg',12);
INSERT INTO Palabras VALUES('BIBLIOTECA','BIBLIOTECA.jpg',13);
INSERT INTO Palabras VALUES('CARTELERA','CARTELERA.jpg',13);
INSERT INTO Palabras VALUES('ESCRITORIO','ESCRITORIO.jpg',13);
INSERT INTO Palabras VALUES('MESA','MESA.jpg',13);
INSERT INTO Palabras VALUES('PIZARRA','PIZARRA.JPG',13);
INSERT INTO Palabras VALUES('PUERTA','PUERTA.jpg',13);
INSERT INTO Palabras VALUES('SILLA','SILLA.JPG',13);
INSERT INTO Palabras VALUES('VENTANA','VENTANA.jpg',13);
INSERT INTO Palabras VALUES('ANDRES BELLO','ANDRES BELLO.jpg',14);
INSERT INTO Palabras VALUES('EL NEGRO PRIMERO','EL NEGRO PRIMERO.jpg',14);
INSERT INTO Palabras VALUES('FRANCISCO DE MIRANDA','FRANCISCO DE MIRANDA.jpg',14);
INSERT INTO Palabras VALUES('JOSE ANTONIO PAEZ','JOSE ANTONIO PAEZ.jpg',14);
INSERT INTO Palabras VALUES('RAFAEL URDANETA','RAFAEL URDANETA.jpg',14);
INSERT INTO Palabras VALUES('SIMON BOLIVAR','SIMON BOLIVAR.jpg',14);
INSERT INTO Palabras VALUES('SIMON RODRIGUEZ','SIMON RODRIGUEZ.jpg',14);
INSERT INTO Palabras VALUES('CAMISA','CAMISA.jpg',15);
INSERT INTO Palabras VALUES('FALDA','FALDA.jpg',15);
INSERT INTO Palabras VALUES('FRANELA','FRANELA.jpg',15);
INSERT INTO Palabras VALUES('MEDIAS','MEDIAS.jpg',15);
INSERT INTO Palabras VALUES('PANTALON','PANTALON.jpg',15);
INSERT INTO Palabras VALUES('SHORT','SHORT.jpg',15);
INSERT INTO Palabras VALUES('UNIFORME','UNIFORME.jpg',15);
INSERT INTO Palabras VALUES('VESTIDO','VESTIDO.jpg',15);
INSERT INTO Palabras VALUES('BORRADOR','BORRADOR.jpg',16);
INSERT INTO Palabras VALUES('CUADERNO','CUADERNO.jpg',16);
INSERT INTO Palabras VALUES('LAPIZ','LAPIZ.jpg',16);
INSERT INTO Palabras VALUES('LIBRO','LIBRO.jpg',16);
INSERT INTO Palabras VALUES('MARCADOR','MARCADOR.jpg',16);
INSERT INTO Palabras VALUES('MORRAL','MORRAL.jpg',16);
INSERT INTO Palabras VALUES('REGLA','REGLA.jpg',16);
INSERT INTO Palabras VALUES('SACAPUNTAS','SACAPUNTAS.jpg',16);
INSERT INTO Palabras VALUES('CAFE','CAFE.jpg',1);
INSERT INTO Palabras VALUES('CARAOTAS','CARAOTAS.jpg',1);
INSERT INTO Palabras VALUES('PANELA','PANELA.jpg',1);
INSERT INTO Palabras VALUES('GUAYABA','GUAYABA.jpg',11);
INSERT INTO Palabras VALUES('LIMON','LIMON.jpg',11);
INSERT INTO Palabras VALUES('MELON','MELON.jpg',11);
INSERT INTO Palabras VALUES('NARANJA','NARANJA.jpg',11);
INSERT INTO Palabras VALUES('PARCHITA','PARCHITA.jpg',11);
INSERT INTO Palabras VALUES('PIÑA','PINA.jpg',11);
INSERT INTO Palabras VALUES('BOSQUE','BOSQUE.jpg',5);
INSERT INTO Palabras VALUES('CAMPO','CAMPO.jpg',5);
INSERT INTO Palabras VALUES('GRANJA','GRANJA.jpg',5);
INSERT INTO Palabras VALUES('PUEBLO','PUEBLO.jpg',5);
INSERT INTO Palabras VALUES('VENEZUELA','VENEZUELA.jpg',5);
INSERT INTO Palabras VALUES('CIEN MIL','CIEN MIL.jpg',12);
INSERT INTO Palabras VALUES('CUATROCIENTOS','CUATROCIENTOS.jpg',12);
INSERT INTO Palabras VALUES('DIECISEIS MIL','DIECISEIS MIL.jpg',12);
INSERT INTO Palabras VALUES('DIECISEIS','DIECISEIS.jpg',12);
INSERT INTO Palabras VALUES('DIEZ MIL','DIEZ MIL.jpg',12);
INSERT INTO Palabras VALUES('DOSCIENTOS','DOSCIENTOS.jpg',12);
INSERT INTO Palabras VALUES('DOSCIENTOS CINCUENTA MIL','DOSCIENTOS CINCUENTA MIL.jpg',12);
INSERT INTO Palabras VALUES('DOS MIL','DOS MIL.jpg',12);
INSERT INTO Palabras VALUES('MIL','MIL.jpg',12);
INSERT INTO Palabras VALUES('NOVECIENTOS','NOVECIENTOS.jpg',12);
INSERT INTO Palabras VALUES('OCHOCIENTOS','OCHOCIENTOS.jpg',12);
INSERT INTO Palabras VALUES('OCHOCIENTOS MIL','OCHOCIENTOS MIL.jpg',12);
INSERT INTO Palabras VALUES('OCHO MIL','OCHO MIL.jpg',12);
INSERT INTO Palabras VALUES('QUINIENTOS','QUINIENTOS.jpg',12);
INSERT INTO Palabras VALUES('SEISCIENTOS','SEISCIENTOS.jpg',12);
INSERT INTO Palabras VALUES('SETECIENTOS','SETECIENTOS.jpg',12);
INSERT INTO Palabras VALUES('TRECIENTOS','TRECIENTOS.jpg',12);
INSERT INTO Palabras VALUES('TRES MIL','TRES MIL.jpg',12);
INSERT INTO Palabras VALUES('UN MILLON','UN MILLON.jpg',12);
INSERT INTO Palabras VALUES('VEINTIDOS MIL','VEINTIDOS MIL.jpg',12);
INSERT INTO Palabras VALUES('VEINTISIETE MIL','VEINTISIETE MIL.jpg',12);
INSERT INTO Palabras VALUES('AYUDAR','AYUDAR.gif',17);
INSERT INTO Palabras VALUES('CAMINAR','CAMINAR.gif',17);
INSERT INTO Palabras VALUES('CANTAR','CANTAR.jpg',17);
INSERT INTO Palabras VALUES('COMPRAR','COMPRAR.gif',17);
INSERT INTO Palabras VALUES('CONTAR','CONTAR.gif',17);
INSERT INTO Palabras VALUES('DAR','DAR.gif',17);
INSERT INTO Palabras VALUES('ENSEÑAR','ENSEÑAR.gif',17);
INSERT INTO Palabras VALUES('ESTUDIAR','ESTUDIAR.gif',17);
INSERT INTO Palabras VALUES('GUSTAR','GUSTAR.gif',17);
INSERT INTO Palabras VALUES('JUGAR','JUGAR.gif',17);
INSERT INTO Palabras VALUES('LIMPIAR','LIMPIAR.gif',17);
INSERT INTO Palabras VALUES('LLORAR','LLORAR.gif',17);
INSERT INTO Palabras VALUES('PAGAR','PAGAR.gif',17);
INSERT INTO Palabras VALUES('PEINAR','PEINAR.gif',17);
INSERT INTO Palabras VALUES('PENSAR','PENSAR.gif',17);
INSERT INTO Palabras VALUES('REGALAR','REGALAR.gif',17);
INSERT INTO Palabras VALUES('SALTAR','SALTAR.gif',17);
INSERT INTO Palabras VALUES('TRABAJAR','TRABAJAR.gif',17);
INSERT INTO Palabras VALUES('CONOCER','CONOCER.gif',18);
INSERT INTO Palabras VALUES('HACER','HACER.gif',18);
INSERT INTO Palabras VALUES('VENDER','VENDER.gif',18);
INSERT INTO Palabras VALUES('DOCE','DOCE.jpg',12);
INSERT INTO Palabras VALUES('CONEJO','conejo.jpg',3);
INSERT INTO Palabras VALUES('ENSALADA','ENSALADA.jpg',1);
INSERT INTO Palabras VALUES('ARVEJAS','ARVEJAS.jpg',1);
INSERT INTO Palabras VALUES('CASABE','CASABE.jpg',1);
INSERT INTO Palabras VALUES('EMPANADA','EMPANADA.jpg',1);
INSERT INTO Palabras VALUES('FRIJOLES','FRIJOLES.jpg',1);
INSERT INTO Palabras VALUES('MORTADELA','MORTADELA.jpg',1);
INSERT INTO Palabras VALUES('PABELLON','PABELLON.jpg',1);
INSERT INTO Palabras VALUES('PARRILLA','PARRILLA.jpg',1);
INSERT INTO Palabras VALUES('CHOZA','CHOZA.jpg',5);
INSERT INTO Palabras VALUES('SEGURO SOCIAL','SEGURO SOCIAL.jpg',5);
INSERT INTO Palabras VALUES('DEPOSITO','DEPOSITO.jpg',5);
INSERT INTO Palabras VALUES('EDIFICIO','EDIFICIO.jpg',5);
INSERT INTO Palabras VALUES('ESCALERA','ESCALERA.jpg',5);
INSERT INTO Palabras VALUES('ESTACIONAMIENTO','ESTACIONAMIENTO.jpg',5);
INSERT INTO Palabras VALUES('GRADAS','GRADAS.jpg',5);
INSERT INTO Palabras VALUES('HOTEL','HOTEL.jpg',5);
INSERT INTO Palabras VALUES('PASILLO','PASILLO.jpg',5);
INSERT INTO Palabras VALUES('VENEZUELA DE ANTIER','VENEZUELA DE ANTIER.jpg',19);
INSERT INTO Palabras VALUES('CHORROS DE MILLA','CHORROS DE MILLA.jpg',19);
INSERT INTO Palabras VALUES('LA CATEDRAL','LA CATEDRAL.jpg',19);
INSERT INTO Palabras VALUES('LOCA LUZ CARABALLO','LOCA LUZ CARABALLO.jpg',19);
INSERT INTO Palabras VALUES('LOS ALEROS','LOS ALEROS.jpg',19);
INSERT INTO Palabras VALUES('MONTAÑA DE LOS SUEÑOS','MONTAÑA DE LOS SUEÑOS.jpg',19);
INSERT INTO Palabras VALUES('OBSERVATORIO','OBSERVATORIO.jpg',19);
INSERT INTO Palabras VALUES('PLAZA DE LAS HEROINAS','PLAZA DE LAS HEROINAS.jpg',19);
INSERT INTO Palabras VALUES('PLAZA DE TOROS','PLAZA DE TOROS.jpg',19);
INSERT INTO Palabras VALUES('TELEFERICO','TELEFERICO.jpg',19);
INSERT INTO Palabras VALUES('AUYAMA','AUYAMA.jpg',1);
INSERT INTO Palabras VALUES('BROCOLI','BROCOLI.jpg',1);
INSERT INTO Palabras VALUES('CEBOLLA','CEBOLLA.jpg',1);
INSERT INTO Palabras VALUES('CILANTRO','CILANTRO.jpg',1);
INSERT INTO Palabras VALUES('COLIFLOR','COLIFLOR.jpg',1);
INSERT INTO Palabras VALUES('PIMENTON','PIMENTON.jpg',1);
INSERT INTO Palabras VALUES('TOMATE','TOMATE.jpg',1);
INSERT INTO Palabras VALUES('ZANAHORIA','ZANAHORIA.jpg',1);
INSERT INTO Palabras VALUES('BALLENA','BALLENA.jpg',3);
INSERT INTO Palabras VALUES('BURRO','BURRO.jpg',3);
INSERT INTO Palabras VALUES('JIRAFA','JIRAFA.jpg',3);
INSERT INTO Palabras VALUES('PATO','PATO.jpg',3);
INSERT INTO Palabras VALUES('RATON','RATON.jpg',3);
INSERT INTO Palabras VALUES('TIGRE','TIGRE.jpg',3);
INSERT INTO Palabras VALUES('TORO','TORO.jpg',3);
INSERT INTO Palabras VALUES('COLORES','COLORES.jpg',16);
INSERT INTO Palabras VALUES('TIJERA','TIJERA.jpg',16);
INSERT INTO Palabras VALUES('FEO','FEO.gif',20);
INSERT INTO Palabras VALUES('FRIO','FRIO.gif',20);
INSERT INTO Palabras VALUES('GRANDE','GRANDE.gif',20);
INSERT INTO Palabras VALUES('LINDO','LINDO.gif',20);
INSERT INTO Palabras VALUES('MUCHO','MUCHO.gif',20);
INSERT INTO Palabras VALUES('PEQUEÑO','PEQUEÑO.gif',20);
INSERT INTO Palabras VALUES('BARQUISIMETO','BARQUISIMETO.gif',5);
INSERT INTO Palabras VALUES('CARACAS','CARACAS.gif',5);
INSERT INTO Palabras VALUES('CULATA','CULATA.gif',5);
INSERT INTO Palabras VALUES('MARACAIBO','MARACAIBO.gif',5);
INSERT INTO Palabras VALUES('PARAMO','PARAMO.gif',5);
INSERT INTO Palabras VALUES('PUEBLO LLANO','PUEBLO LLANO.gif',5);
INSERT INTO Palabras VALUES('AMAR','AMAR.gif',17);
INSERT INTO Palabras VALUES('APRENDER','APRENDER.gif',18);
INSERT INTO Palabras VALUES('BEBER','BEBER.gif',18);
INSERT INTO Palabras VALUES('COMER','COMER.gif',18);
INSERT INTO Palabras VALUES('CORRER','CORRER.gif',18);
INSERT INTO Palabras VALUES('DOLER','DOLER.gif',18);
INSERT INTO Palabras VALUES('LEER','LEER.gif',18);
INSERT INTO Palabras VALUES('PODER','PODER.gif',18);
INSERT INTO Palabras VALUES('RESPONDER','RESPONDER.gif',18);
INSERT INTO Palabras VALUES('TENER','TENER.gif',18);
INSERT INTO Palabras VALUES('COMPARTIR','COMPARTIR.gif',21);
INSERT INTO Palabras VALUES('DECIDIR','DECIDIR.gif',21);
INSERT INTO Palabras VALUES('DECIR','DECIR.gif',21);
INSERT INTO Palabras VALUES('ESCRIBIR','ESCRIBIR.gif',21);
INSERT INTO Palabras VALUES('IR','IR.gif',21);
INSERT INTO Palabras VALUES('MENTIR','MENTIR.gif',21);
INSERT INTO Palabras VALUES('MORIR','MORIR.gif',21);
INSERT INTO Palabras VALUES('VIVIR','VIVIR.gif',21);

CREATE TABLE PalabrasNivel(
  palabra VARCHAR(30) REFERENCES Palabras,
  nivel INTEGER REFERENCES  Niveles,
  PRIMARY KEY (palabra, nivel)
);

INSERT INTO PalabrasNivel VALUES('AGUA',1);
INSERT INTO PalabrasNivel VALUES('AREPA',1);
INSERT INTO PalabrasNivel VALUES('GALLETA',1);
INSERT INTO PalabrasNivel VALUES('HUEVO',1);
INSERT INTO PalabrasNivel VALUES('JUGO',1);
INSERT INTO PalabrasNivel VALUES('QUESO',1);
INSERT INTO PalabrasNivel VALUES('SOPA',1);
INSERT INTO PalabrasNivel VALUES('CABALLO',1);
INSERT INTO PalabrasNivel VALUES('CARACOL',1);
INSERT INTO PalabrasNivel VALUES('CHIVO',1);
INSERT INTO PalabrasNivel VALUES('COCHINO',1);
INSERT INTO PalabrasNivel VALUES('CONEJO',1);
INSERT INTO PalabrasNivel VALUES('ELEFANTE',1);
INSERT INTO PalabrasNivel VALUES('GATO',1);
INSERT INTO PalabrasNivel VALUES('LEON',1);
INSERT INTO PalabrasNivel VALUES('OSO',1);
INSERT INTO PalabrasNivel VALUES('PERRO',1);
INSERT INTO PalabrasNivel VALUES('SERPIENTE',1);
INSERT INTO PalabrasNivel VALUES('TORTUGA',1);
INSERT INTO PalabrasNivel VALUES('VACA',1);
INSERT INTO PalabrasNivel VALUES('AMARILLO',1);
INSERT INTO PalabrasNivel VALUES('ANARANJADO',1);
INSERT INTO PalabrasNivel VALUES('AZUL',1);
INSERT INTO PalabrasNivel VALUES('BLANCO',1);
INSERT INTO PalabrasNivel VALUES('ROJO',1);
INSERT INTO PalabrasNivel VALUES('ABUELA',1);
INSERT INTO PalabrasNivel VALUES('ABUELO',1);
INSERT INTO PalabrasNivel VALUES('BEBE',1);
INSERT INTO PalabrasNivel VALUES('MAMA',1);
INSERT INTO PalabrasNivel VALUES('PAPA',1);
INSERT INTO PalabrasNivel VALUES('AGUA',2);
INSERT INTO PalabrasNivel VALUES('AREPA',2);
INSERT INTO PalabrasNivel VALUES('GALLETA',2);
INSERT INTO PalabrasNivel VALUES('HUEVO',2);
INSERT INTO PalabrasNivel VALUES('JUGO',2);
INSERT INTO PalabrasNivel VALUES('QUESO',2);
INSERT INTO PalabrasNivel VALUES('SOPA',2);
INSERT INTO PalabrasNivel VALUES('CABALLO',3);
INSERT INTO PalabrasNivel VALUES('CARACOL',3);
INSERT INTO PalabrasNivel VALUES('CHIVO',3);
INSERT INTO PalabrasNivel VALUES('COCHINO',3);
INSERT INTO PalabrasNivel VALUES('CONEJO',3);
INSERT INTO PalabrasNivel VALUES('ELEFANTE',3);
INSERT INTO PalabrasNivel VALUES('GATO',3);
INSERT INTO PalabrasNivel VALUES('LEON',3);
INSERT INTO PalabrasNivel VALUES('OSO',3);
INSERT INTO PalabrasNivel VALUES('PERRO',3);
INSERT INTO PalabrasNivel VALUES('SERPIENTE',3);
INSERT INTO PalabrasNivel VALUES('TORTUGA',3);
INSERT INTO PalabrasNivel VALUES('VACA',3);
INSERT INTO PalabrasNivel VALUES('AMARILLO',4);
INSERT INTO PalabrasNivel VALUES('ANARANJADO',4);
INSERT INTO PalabrasNivel VALUES('AZUL',4);
INSERT INTO PalabrasNivel VALUES('BLANCO',4);
INSERT INTO PalabrasNivel VALUES('ROJO',4);
INSERT INTO PalabrasNivel VALUES('ABUELA',5);
INSERT INTO PalabrasNivel VALUES('ABUELO',5);
INSERT INTO PalabrasNivel VALUES('BEBE',5);
INSERT INTO PalabrasNivel VALUES('MAMA',5);
INSERT INTO PalabrasNivel VALUES('PAPA',5);
INSERT INTO PalabrasNivel VALUES('ELEFANTE',6);
INSERT INTO PalabrasNivel VALUES('GATO',6);
INSERT INTO PalabrasNivel VALUES('LEON',6);
INSERT INTO PalabrasNivel VALUES('OSO',6);
INSERT INTO PalabrasNivel VALUES('PERRO',6);
INSERT INTO PalabrasNivel VALUES('SAPO',6);
INSERT INTO PalabrasNivel VALUES('TORTUGA',6);
INSERT INTO PalabrasNivel VALUES('AMARILLO',6);
INSERT INTO PalabrasNivel VALUES('ANARANJADO',6);
INSERT INTO PalabrasNivel VALUES('AZUL',6);
INSERT INTO PalabrasNivel VALUES('BLANCO',6);
INSERT INTO PalabrasNivel VALUES('MARRON',6);
INSERT INTO PalabrasNivel VALUES('MORADO',6);
INSERT INTO PalabrasNivel VALUES('NEGRO',6);
INSERT INTO PalabrasNivel VALUES('ROJO',6);
INSERT INTO PalabrasNivel VALUES('VERDE',6);
INSERT INTO PalabrasNivel VALUES('CASA',6);
INSERT INTO PalabrasNivel VALUES('ESCUELA',6);
INSERT INTO PalabrasNivel VALUES('PARQUE',6);
INSERT INTO PalabrasNivel VALUES('PLAYA',6);
INSERT INTO PalabrasNivel VALUES('ELEFANTE',7);
INSERT INTO PalabrasNivel VALUES('GATO',7);
INSERT INTO PalabrasNivel VALUES('LEON',7);
INSERT INTO PalabrasNivel VALUES('OSO',7);
INSERT INTO PalabrasNivel VALUES('PERRO',7);
INSERT INTO PalabrasNivel VALUES('SAPO',7);
INSERT INTO PalabrasNivel VALUES('TORTUGA',7);
INSERT INTO PalabrasNivel VALUES('AMARILLO',8);
INSERT INTO PalabrasNivel VALUES('ANARANJADO',8);
INSERT INTO PalabrasNivel VALUES('AZUL',8);
INSERT INTO PalabrasNivel VALUES('BLANCO',8);
INSERT INTO PalabrasNivel VALUES('MARRON',8);
INSERT INTO PalabrasNivel VALUES('MORADO',8);
INSERT INTO PalabrasNivel VALUES('NEGRO',8);
INSERT INTO PalabrasNivel VALUES('ROJO',8);
INSERT INTO PalabrasNivel VALUES('VERDE',8);
INSERT INTO PalabrasNivel VALUES('CASA',9);
INSERT INTO PalabrasNivel VALUES('ESCUELA',9);
INSERT INTO PalabrasNivel VALUES('PARQUE',9);
INSERT INTO PalabrasNivel VALUES('PLAYA',9);
INSERT INTO PalabrasNivel VALUES('BEBE',10);
INSERT INTO PalabrasNivel VALUES('MAMA',10);
INSERT INTO PalabrasNivel VALUES('PAPA',10);
INSERT INTO PalabrasNivel VALUES('TIA',10);
INSERT INTO PalabrasNivel VALUES('TIO',10);
INSERT INTO PalabrasNivel VALUES('CARRO',10);
INSERT INTO PalabrasNivel VALUES('MOTO',10);
INSERT INTO PalabrasNivel VALUES('BEBE',11);
INSERT INTO PalabrasNivel VALUES('MAMA',11);
INSERT INTO PalabrasNivel VALUES('PAPA',11);
INSERT INTO PalabrasNivel VALUES('TIA',11);
INSERT INTO PalabrasNivel VALUES('TIO',11);
INSERT INTO PalabrasNivel VALUES('CARRO',12);
INSERT INTO PalabrasNivel VALUES('MOTO',12);
INSERT INTO PalabrasNivel VALUES('AMARILLO',13);
INSERT INTO PalabrasNivel VALUES('AZUL',13);
INSERT INTO PalabrasNivel VALUES('BLANCO',13);
INSERT INTO PalabrasNivel VALUES('MARRON',13);
INSERT INTO PalabrasNivel VALUES('NEGRO',13);
INSERT INTO PalabrasNivel VALUES('ROJO',13);
INSERT INTO PalabrasNivel VALUES('VERDE',13);
INSERT INTO PalabrasNivel VALUES('LUNES',13);
INSERT INTO PalabrasNivel VALUES('MARTES',13);
INSERT INTO PalabrasNivel VALUES('MIERCOLES',13);
INSERT INTO PalabrasNivel VALUES('JUEVES',13);
INSERT INTO PalabrasNivel VALUES('VIERNES',13);
INSERT INTO PalabrasNivel VALUES('BOCA',13);
INSERT INTO PalabrasNivel VALUES('BRAZO',13);
INSERT INTO PalabrasNivel VALUES('CABELLO',13);
INSERT INTO PalabrasNivel VALUES('CABEZA',13);
INSERT INTO PalabrasNivel VALUES('CARA',13);
INSERT INTO PalabrasNivel VALUES('DEDOS',13);
INSERT INTO PalabrasNivel VALUES('DIENTE',13);
INSERT INTO PalabrasNivel VALUES('HUESOS',13);
INSERT INTO PalabrasNivel VALUES('LENGUA',13);
INSERT INTO PalabrasNivel VALUES('MANO',13);
INSERT INTO PalabrasNivel VALUES('NARIZ',13);
INSERT INTO PalabrasNivel VALUES('OIDO',13);
INSERT INTO PalabrasNivel VALUES('OJOS',13);
INSERT INTO PalabrasNivel VALUES('OREJA',13);
INSERT INTO PalabrasNivel VALUES('PELO',13);
INSERT INTO PalabrasNivel VALUES('PENE',13);
INSERT INTO PalabrasNivel VALUES('PIE',13);
INSERT INTO PalabrasNivel VALUES('PIEL',13);
INSERT INTO PalabrasNivel VALUES('PIERNA',13);
INSERT INTO PalabrasNivel VALUES('VULVA',13);
INSERT INTO PalabrasNivel VALUES('GUSTO',13);
INSERT INTO PalabrasNivel VALUES('TACTO',13);
INSERT INTO PalabrasNivel VALUES('OIR',13);
INSERT INTO PalabrasNivel VALUES('OLER',13);
INSERT INTO PalabrasNivel VALUES('SENTIR',13);
INSERT INTO PalabrasNivel VALUES('VER',13);
INSERT INTO PalabrasNivel VALUES('AMARILLO',14);
INSERT INTO PalabrasNivel VALUES('AZUL',14);
INSERT INTO PalabrasNivel VALUES('BLANCO',14);
INSERT INTO PalabrasNivel VALUES('MARRON',14);
INSERT INTO PalabrasNivel VALUES('NEGRO',14);
INSERT INTO PalabrasNivel VALUES('ROJO',14);
INSERT INTO PalabrasNivel VALUES('VERDE',14);
INSERT INTO PalabrasNivel VALUES('LUNES',15);
INSERT INTO PalabrasNivel VALUES('MARTES',15);
INSERT INTO PalabrasNivel VALUES('MIERCOLES',15);
INSERT INTO PalabrasNivel VALUES('JUEVES',15);
INSERT INTO PalabrasNivel VALUES('VIERNES',15);
INSERT INTO PalabrasNivel VALUES('BOCA',16);
INSERT INTO PalabrasNivel VALUES('BRAZO',16);
INSERT INTO PalabrasNivel VALUES('CABELLO',16);
INSERT INTO PalabrasNivel VALUES('CABEZA',16);
INSERT INTO PalabrasNivel VALUES('CARA',16);
INSERT INTO PalabrasNivel VALUES('DEDOS',16);
INSERT INTO PalabrasNivel VALUES('DIENTE',16);
INSERT INTO PalabrasNivel VALUES('HUESOS',16);
INSERT INTO PalabrasNivel VALUES('LENGUA',16);
INSERT INTO PalabrasNivel VALUES('MANO',16);
INSERT INTO PalabrasNivel VALUES('NARIZ',16);
INSERT INTO PalabrasNivel VALUES('OIDO',16);
INSERT INTO PalabrasNivel VALUES('OJOS',16);
INSERT INTO PalabrasNivel VALUES('OREJA',16);
INSERT INTO PalabrasNivel VALUES('PELO',16);
INSERT INTO PalabrasNivel VALUES('PENE',16);
INSERT INTO PalabrasNivel VALUES('PIE',16);
INSERT INTO PalabrasNivel VALUES('PIEL',16);
INSERT INTO PalabrasNivel VALUES('PIERNA',16);
INSERT INTO PalabrasNivel VALUES('VULVA',16);
INSERT INTO PalabrasNivel VALUES('GUSTO',17);
INSERT INTO PalabrasNivel VALUES('TACTO',17);
INSERT INTO PalabrasNivel VALUES('OIR',18);
INSERT INTO PalabrasNivel VALUES('OLER',18);
INSERT INTO PalabrasNivel VALUES('SENTIR',18);
INSERT INTO PalabrasNivel VALUES('VER',18);
INSERT INTO PalabrasNivel VALUES('CAMISA',19);
INSERT INTO PalabrasNivel VALUES('AGUA',19);
INSERT INTO PalabrasNivel VALUES('AREPA',19);
INSERT INTO PalabrasNivel VALUES('ARROZ',19);
INSERT INTO PalabrasNivel VALUES('ATOL',19);
INSERT INTO PalabrasNivel VALUES('CARNE',19);
INSERT INTO PalabrasNivel VALUES('ENSALADA',19);
INSERT INTO PalabrasNivel VALUES('GRANOS',19);
INSERT INTO PalabrasNivel VALUES('HAMBURGUESA',19);
INSERT INTO PalabrasNivel VALUES('JUGO',19);
INSERT INTO PalabrasNivel VALUES('LECHE',19);
INSERT INTO PalabrasNivel VALUES('PAN',19);
INSERT INTO PalabrasNivel VALUES('PASTA',19);
INSERT INTO PalabrasNivel VALUES('PASTICHO',19);
INSERT INTO PalabrasNivel VALUES('PESCADO',19);
INSERT INTO PalabrasNivel VALUES('PIZZA',19);
INSERT INTO PalabrasNivel VALUES('PLATANO',19);
INSERT INTO PalabrasNivel VALUES('POLLO',19);
INSERT INTO PalabrasNivel VALUES('QUESO',19);
INSERT INTO PalabrasNivel VALUES('SOPA',19);
INSERT INTO PalabrasNivel VALUES('YUCA',19);
INSERT INTO PalabrasNivel VALUES('COCHINO',19);
INSERT INTO PalabrasNivel VALUES('GALLINA',19);
INSERT INTO PalabrasNivel VALUES('GALLO',19);
INSERT INTO PalabrasNivel VALUES('GATO',19);
INSERT INTO PalabrasNivel VALUES('GUSANO',19);
INSERT INTO PalabrasNivel VALUES('LEON',19);
INSERT INTO PalabrasNivel VALUES('LORO',19);
INSERT INTO PalabrasNivel VALUES('MARIPOSA',19);
INSERT INTO PalabrasNivel VALUES('MONO',19);
INSERT INTO PalabrasNivel VALUES('PALOMA',19);
INSERT INTO PalabrasNivel VALUES('PERRO',19);
INSERT INTO PalabrasNivel VALUES('PEZ',19);
INSERT INTO PalabrasNivel VALUES('POLLITO',19);
INSERT INTO PalabrasNivel VALUES('SAPO',19);
INSERT INTO PalabrasNivel VALUES('AMARILLO',19);
INSERT INTO PalabrasNivel VALUES('ANARANJADO',19);
INSERT INTO PalabrasNivel VALUES('AZUL',19);
INSERT INTO PalabrasNivel VALUES('BLANCO',19);
INSERT INTO PalabrasNivel VALUES('MARRON',19);
INSERT INTO PalabrasNivel VALUES('MORADO',19);
INSERT INTO PalabrasNivel VALUES('NEGRO',19);
INSERT INTO PalabrasNivel VALUES('ROJO',19);
INSERT INTO PalabrasNivel VALUES('VERDE',19);
INSERT INTO PalabrasNivel VALUES('CAMBUR',19);
INSERT INTO PalabrasNivel VALUES('FRESA',19);
INSERT INTO PalabrasNivel VALUES('LECHOZA',19);
INSERT INTO PalabrasNivel VALUES('MANGO',19);
INSERT INTO PalabrasNivel VALUES('MANZANA',19);
INSERT INTO PalabrasNivel VALUES('MORA',19);
INSERT INTO PalabrasNivel VALUES('PATILLA',19);
INSERT INTO PalabrasNivel VALUES('PERA',19);
INSERT INTO PalabrasNivel VALUES('UVA',19);
INSERT INTO PalabrasNivel VALUES('CARNICERIA',19);
INSERT INTO PalabrasNivel VALUES('CASA',19);
INSERT INTO PalabrasNivel VALUES('ESCUELA',19);
INSERT INTO PalabrasNivel VALUES('FARMACIA',19);
INSERT INTO PalabrasNivel VALUES('HOSPITAL',19);
INSERT INTO PalabrasNivel VALUES('PARQUE',19);
INSERT INTO PalabrasNivel VALUES('PLAYA',19);
INSERT INTO PalabrasNivel VALUES('PLAZA BOLIVAR',19);
INSERT INTO PalabrasNivel VALUES('POLICIA',19);
INSERT INTO PalabrasNivel VALUES('SALON',19);
INSERT INTO PalabrasNivel VALUES('SUPERMERCADO',19);
INSERT INTO PalabrasNivel VALUES('CATORCE',19);
INSERT INTO PalabrasNivel VALUES('CIEN',19);
INSERT INTO PalabrasNivel VALUES('CINCO',19);
INSERT INTO PalabrasNivel VALUES('CINCUENTA',19);
INSERT INTO PalabrasNivel VALUES('CUARENTA',19);
INSERT INTO PalabrasNivel VALUES('CUATRO',19);
INSERT INTO PalabrasNivel VALUES('DIECINUEVE',19);
INSERT INTO PalabrasNivel VALUES('DIECIOCHO',19);
INSERT INTO PalabrasNivel VALUES('DIECISIETE',19);
INSERT INTO PalabrasNivel VALUES('DIEZ',19);
INSERT INTO PalabrasNivel VALUES('DOCE',19);
INSERT INTO PalabrasNivel VALUES('DOS',19);
INSERT INTO PalabrasNivel VALUES('NOVENTA',19);
INSERT INTO PalabrasNivel VALUES('NUEVE',19);
INSERT INTO PalabrasNivel VALUES('OCHENTA',19);
INSERT INTO PalabrasNivel VALUES('OCHO',19);
INSERT INTO PalabrasNivel VALUES('ONCE',19);
INSERT INTO PalabrasNivel VALUES('QUINCE',19);
INSERT INTO PalabrasNivel VALUES('SEIS',19);
INSERT INTO PalabrasNivel VALUES('SESENTA',19);
INSERT INTO PalabrasNivel VALUES('SETENTA',19);
INSERT INTO PalabrasNivel VALUES('SIETE',19);
INSERT INTO PalabrasNivel VALUES('TRECE',19);
INSERT INTO PalabrasNivel VALUES('TREINTA',19);
INSERT INTO PalabrasNivel VALUES('TRES',19);
INSERT INTO PalabrasNivel VALUES('UNO',19);
INSERT INTO PalabrasNivel VALUES('VEINTE',19);
INSERT INTO PalabrasNivel VALUES('BIBLIOTECA',19);
INSERT INTO PalabrasNivel VALUES('CARTELERA',19);
INSERT INTO PalabrasNivel VALUES('ESCRITORIO',19);
INSERT INTO PalabrasNivel VALUES('MESA',19);
INSERT INTO PalabrasNivel VALUES('PIZARRA',19);
INSERT INTO PalabrasNivel VALUES('PUERTA',19);
INSERT INTO PalabrasNivel VALUES('SILLA',19);
INSERT INTO PalabrasNivel VALUES('VENTANA',19);
INSERT INTO PalabrasNivel VALUES('ANDRES BELLO',19);
INSERT INTO PalabrasNivel VALUES('EL NEGRO PRIMERO',19);
INSERT INTO PalabrasNivel VALUES('FRANCISCO DE MIRANDA',19);
INSERT INTO PalabrasNivel VALUES('JOSE ANTONIO PAEZ',19);
INSERT INTO PalabrasNivel VALUES('RAFAEL URDANETA',19);
INSERT INTO PalabrasNivel VALUES('SIMON BOLIVAR',19);
INSERT INTO PalabrasNivel VALUES('SIMON RODRIGUEZ',19);
INSERT INTO PalabrasNivel VALUES('FALDA',19);
INSERT INTO PalabrasNivel VALUES('FRANELA',19);
INSERT INTO PalabrasNivel VALUES('MEDIAS',19);
INSERT INTO PalabrasNivel VALUES('PANTALON',19);
INSERT INTO PalabrasNivel VALUES('SHORT',19);
INSERT INTO PalabrasNivel VALUES('UNIFORME',19);
INSERT INTO PalabrasNivel VALUES('VESTIDO',19);
INSERT INTO PalabrasNivel VALUES('BORRADOR',19);
INSERT INTO PalabrasNivel VALUES('CUADERNO',19);
INSERT INTO PalabrasNivel VALUES('LAPIZ',19);
INSERT INTO PalabrasNivel VALUES('LIBRO',19);
INSERT INTO PalabrasNivel VALUES('MARCADOR',19);
INSERT INTO PalabrasNivel VALUES('MORRAL',19);
INSERT INTO PalabrasNivel VALUES('REGLA',19);
INSERT INTO PalabrasNivel VALUES('SACAPUNTAS',19);
INSERT INTO PalabrasNivel VALUES('AGUA',20);
INSERT INTO PalabrasNivel VALUES('AREPA',20);
INSERT INTO PalabrasNivel VALUES('ARROZ',20);
INSERT INTO PalabrasNivel VALUES('ATOL',20);
INSERT INTO PalabrasNivel VALUES('CARNE',20);
INSERT INTO PalabrasNivel VALUES('ENSALADA',20);
INSERT INTO PalabrasNivel VALUES('GRANOS',20);
INSERT INTO PalabrasNivel VALUES('HAMBURGUESA',20);
INSERT INTO PalabrasNivel VALUES('JUGO',20);
INSERT INTO PalabrasNivel VALUES('LECHE',20);
INSERT INTO PalabrasNivel VALUES('PAN',20);
INSERT INTO PalabrasNivel VALUES('PASTA',20);
INSERT INTO PalabrasNivel VALUES('PASTICHO',20);
INSERT INTO PalabrasNivel VALUES('PESCADO',20);
INSERT INTO PalabrasNivel VALUES('PIZZA',20);
INSERT INTO PalabrasNivel VALUES('PLATANO',20);
INSERT INTO PalabrasNivel VALUES('POLLO',20);
INSERT INTO PalabrasNivel VALUES('QUESO',20);
INSERT INTO PalabrasNivel VALUES('SOPA',20);
INSERT INTO PalabrasNivel VALUES('YUCA',20);
INSERT INTO PalabrasNivel VALUES('COCHINO',21);
INSERT INTO PalabrasNivel VALUES('GALLINA',21);
INSERT INTO PalabrasNivel VALUES('GALLO',21);
INSERT INTO PalabrasNivel VALUES('GATO',21);
INSERT INTO PalabrasNivel VALUES('GUSANO',21);
INSERT INTO PalabrasNivel VALUES('LEON',21);
INSERT INTO PalabrasNivel VALUES('LORO',21);
INSERT INTO PalabrasNivel VALUES('MARIPOSA',21);
INSERT INTO PalabrasNivel VALUES('MONO',21);
INSERT INTO PalabrasNivel VALUES('PALOMA',21);
INSERT INTO PalabrasNivel VALUES('PERRO',21);
INSERT INTO PalabrasNivel VALUES('PEZ',21);
INSERT INTO PalabrasNivel VALUES('POLLITO',21);
INSERT INTO PalabrasNivel VALUES('SAPO',21);
INSERT INTO PalabrasNivel VALUES('AMARILLO',22);
INSERT INTO PalabrasNivel VALUES('ANARANJADO',22);
INSERT INTO PalabrasNivel VALUES('AZUL',22);
INSERT INTO PalabrasNivel VALUES('BLANCO',22);
INSERT INTO PalabrasNivel VALUES('MARRON',22);
INSERT INTO PalabrasNivel VALUES('MORADO',22);
INSERT INTO PalabrasNivel VALUES('NEGRO',22);
INSERT INTO PalabrasNivel VALUES('ROJO',22);
INSERT INTO PalabrasNivel VALUES('VERDE',22);
INSERT INTO PalabrasNivel VALUES('CAMBUR',23);
INSERT INTO PalabrasNivel VALUES('FRESA',23);
INSERT INTO PalabrasNivel VALUES('LECHOZA',23);
INSERT INTO PalabrasNivel VALUES('MANGO',23);
INSERT INTO PalabrasNivel VALUES('MANZANA',23);
INSERT INTO PalabrasNivel VALUES('MORA',23);
INSERT INTO PalabrasNivel VALUES('PATILLA',23);
INSERT INTO PalabrasNivel VALUES('PERA',23);
INSERT INTO PalabrasNivel VALUES('UVA',23);
INSERT INTO PalabrasNivel VALUES('CARNICERIA',24);
INSERT INTO PalabrasNivel VALUES('CASA',24);
INSERT INTO PalabrasNivel VALUES('ESCUELA',24);
INSERT INTO PalabrasNivel VALUES('FARMACIA',24);
INSERT INTO PalabrasNivel VALUES('HOSPITAL',24);
INSERT INTO PalabrasNivel VALUES('PARQUE',24);
INSERT INTO PalabrasNivel VALUES('PLAYA',24);
INSERT INTO PalabrasNivel VALUES('PLAZA BOLIVAR',24);
INSERT INTO PalabrasNivel VALUES('POLICIA',24);
INSERT INTO PalabrasNivel VALUES('SALON',24);
INSERT INTO PalabrasNivel VALUES('SUPERMERCADO',24);
INSERT INTO PalabrasNivel VALUES('CATORCE',25);
INSERT INTO PalabrasNivel VALUES('CIEN',25);
INSERT INTO PalabrasNivel VALUES('CINCO',25);
INSERT INTO PalabrasNivel VALUES('CINCUENTA',25);
INSERT INTO PalabrasNivel VALUES('CUARENTA',25);
INSERT INTO PalabrasNivel VALUES('CUATRO',25);
INSERT INTO PalabrasNivel VALUES('DIECINUEVE',25);
INSERT INTO PalabrasNivel VALUES('DIECIOCHO',25);
INSERT INTO PalabrasNivel VALUES('DIECISIETE',25);
INSERT INTO PalabrasNivel VALUES('DIEZ',25);
INSERT INTO PalabrasNivel VALUES('DOCE',25);
INSERT INTO PalabrasNivel VALUES('DOS',25);
INSERT INTO PalabrasNivel VALUES('NOVENTA',25);
INSERT INTO PalabrasNivel VALUES('NUEVE',25);
INSERT INTO PalabrasNivel VALUES('OCHENTA',25);
INSERT INTO PalabrasNivel VALUES('OCHO',25);
INSERT INTO PalabrasNivel VALUES('ONCE',25);
INSERT INTO PalabrasNivel VALUES('QUINCE',25);
INSERT INTO PalabrasNivel VALUES('SEIS',25);
INSERT INTO PalabrasNivel VALUES('SESENTA',25);
INSERT INTO PalabrasNivel VALUES('SETENTA',25);
INSERT INTO PalabrasNivel VALUES('SIETE',25);
INSERT INTO PalabrasNivel VALUES('TRECE',25);
INSERT INTO PalabrasNivel VALUES('TREINTA',25);
INSERT INTO PalabrasNivel VALUES('TRES',25);
INSERT INTO PalabrasNivel VALUES('UNO',25);
INSERT INTO PalabrasNivel VALUES('VEINTE',25);
INSERT INTO PalabrasNivel VALUES('BIBLIOTECA',26);
INSERT INTO PalabrasNivel VALUES('CARTELERA',26);
INSERT INTO PalabrasNivel VALUES('ESCRITORIO',26);
INSERT INTO PalabrasNivel VALUES('MESA',26);
INSERT INTO PalabrasNivel VALUES('PIZARRA',26);
INSERT INTO PalabrasNivel VALUES('PUERTA',26);
INSERT INTO PalabrasNivel VALUES('SILLA',26);
INSERT INTO PalabrasNivel VALUES('VENTANA',26);
INSERT INTO PalabrasNivel VALUES('ANDRES BELLO',27);
INSERT INTO PalabrasNivel VALUES('EL NEGRO PRIMERO',27);
INSERT INTO PalabrasNivel VALUES('FRANCISCO DE MIRANDA',27);
INSERT INTO PalabrasNivel VALUES('JOSE ANTONIO PAEZ',27);
INSERT INTO PalabrasNivel VALUES('RAFAEL URDANETA',27);
INSERT INTO PalabrasNivel VALUES('SIMON BOLIVAR',27);
INSERT INTO PalabrasNivel VALUES('SIMON RODRIGUEZ',27);
INSERT INTO PalabrasNivel VALUES('FALDA',28);
INSERT INTO PalabrasNivel VALUES('FRANELA',28);
INSERT INTO PalabrasNivel VALUES('MEDIAS',28);
INSERT INTO PalabrasNivel VALUES('PANTALON',28);
INSERT INTO PalabrasNivel VALUES('SHORT',28);
INSERT INTO PalabrasNivel VALUES('UNIFORME',28);
INSERT INTO PalabrasNivel VALUES('VESTIDO',28);
INSERT INTO PalabrasNivel VALUES('BORRADOR',29);
INSERT INTO PalabrasNivel VALUES('CUADERNO',29);
INSERT INTO PalabrasNivel VALUES('LAPIZ',29);
INSERT INTO PalabrasNivel VALUES('LIBRO',29);
INSERT INTO PalabrasNivel VALUES('MARCADOR',29);
INSERT INTO PalabrasNivel VALUES('MORRAL',29);
INSERT INTO PalabrasNivel VALUES('REGLA',29);
INSERT INTO PalabrasNivel VALUES('SACAPUNTAS',29);
INSERT INTO PalabrasNivel VALUES('CAMISA',28);
INSERT INTO PalabrasNivel VALUES('AGUA',30);
INSERT INTO PalabrasNivel VALUES('AREPA',30);
INSERT INTO PalabrasNivel VALUES('ARROZ',30);
INSERT INTO PalabrasNivel VALUES('CAFE',30);
INSERT INTO PalabrasNivel VALUES('CARAOTAS',30);
INSERT INTO PalabrasNivel VALUES('CARNE',30);
INSERT INTO PalabrasNivel VALUES('ENSALADA',30);
INSERT INTO PalabrasNivel VALUES('JUGO',30);
INSERT INTO PalabrasNivel VALUES('LECHE',30);
INSERT INTO PalabrasNivel VALUES('PAN',30);
INSERT INTO PalabrasNivel VALUES('PANELA',30);
INSERT INTO PalabrasNivel VALUES('PASTA',30);
INSERT INTO PalabrasNivel VALUES('PESCADO',30);
INSERT INTO PalabrasNivel VALUES('PLATANO',30);
INSERT INTO PalabrasNivel VALUES('POLLO',30);
INSERT INTO PalabrasNivel VALUES('YUCA',30);
INSERT INTO PalabrasNivel VALUES('CAMBUR',30);
INSERT INTO PalabrasNivel VALUES('FRESA',30);
INSERT INTO PalabrasNivel VALUES('GUAYABA',30);
INSERT INTO PalabrasNivel VALUES('LECHOZA',30);
INSERT INTO PalabrasNivel VALUES('LIMON',30);
INSERT INTO PalabrasNivel VALUES('MANZANA',30);
INSERT INTO PalabrasNivel VALUES('MELON',30);
INSERT INTO PalabrasNivel VALUES('MORA',30);
INSERT INTO PalabrasNivel VALUES('NARANJA',30);
INSERT INTO PalabrasNivel VALUES('PARCHITA',30);
INSERT INTO PalabrasNivel VALUES('PATILLA',30);
INSERT INTO PalabrasNivel VALUES('PERA',30);
INSERT INTO PalabrasNivel VALUES('PIÑA',30);
INSERT INTO PalabrasNivel VALUES('UVA',30);
INSERT INTO PalabrasNivel VALUES('BOSQUE',30);
INSERT INTO PalabrasNivel VALUES('CAMPO',30);
INSERT INTO PalabrasNivel VALUES('CASA',30);
INSERT INTO PalabrasNivel VALUES('ESCUELA',30);
INSERT INTO PalabrasNivel VALUES('GRANJA',30);
INSERT INTO PalabrasNivel VALUES('PARQUE',30);
INSERT INTO PalabrasNivel VALUES('PLAYA',30);
INSERT INTO PalabrasNivel VALUES('PUEBLO',30);
INSERT INTO PalabrasNivel VALUES('VENEZUELA',30);
INSERT INTO PalabrasNivel VALUES('CATORCE',30);
INSERT INTO PalabrasNivel VALUES('CIEN',30);
INSERT INTO PalabrasNivel VALUES('CIEN MIL',30);
INSERT INTO PalabrasNivel VALUES('CINCO',30);
INSERT INTO PalabrasNivel VALUES('CINCUENTA',30);
INSERT INTO PalabrasNivel VALUES('CUARENTA',30);
INSERT INTO PalabrasNivel VALUES('CUATRO',30);
INSERT INTO PalabrasNivel VALUES('CUATROCIENTOS',30);
INSERT INTO PalabrasNivel VALUES('DIECINUEVE',30);
INSERT INTO PalabrasNivel VALUES('DIECIOCHO',30);
INSERT INTO PalabrasNivel VALUES('DIECISEIS MIL',30);
INSERT INTO PalabrasNivel VALUES('DIECISIETE',30);
INSERT INTO PalabrasNivel VALUES('DIECISEIS',30);
INSERT INTO PalabrasNivel VALUES('DIEZ',30);
INSERT INTO PalabrasNivel VALUES('DIEZ MIL',30);
INSERT INTO PalabrasNivel VALUES('DOCE',30);
INSERT INTO PalabrasNivel VALUES('DOS',30);
INSERT INTO PalabrasNivel VALUES('DOSCIENTOS',30);
INSERT INTO PalabrasNivel VALUES('DOSCIENTOS CINCUENTA MIL',30);
INSERT INTO PalabrasNivel VALUES('DOS MIL',30);
INSERT INTO PalabrasNivel VALUES('MIL',30);
INSERT INTO PalabrasNivel VALUES('NOVECIENTOS',30);
INSERT INTO PalabrasNivel VALUES('NOVENTA',30);
INSERT INTO PalabrasNivel VALUES('NUEVE',30);
INSERT INTO PalabrasNivel VALUES('OCHENTA',30);
INSERT INTO PalabrasNivel VALUES('OCHO',30);
INSERT INTO PalabrasNivel VALUES('OCHOCIENTOS',30);
INSERT INTO PalabrasNivel VALUES('OCHOCIENTOS MIL',30);
INSERT INTO PalabrasNivel VALUES('OCHO MIL',30);
INSERT INTO PalabrasNivel VALUES('ONCE',30);
INSERT INTO PalabrasNivel VALUES('QUINCE',30);
INSERT INTO PalabrasNivel VALUES('QUINIENTOS',30);
INSERT INTO PalabrasNivel VALUES('SEIS',30);
INSERT INTO PalabrasNivel VALUES('SEISCIENTOS',30);
INSERT INTO PalabrasNivel VALUES('SESENTA',30);
INSERT INTO PalabrasNivel VALUES('SETECIENTOS',30);
INSERT INTO PalabrasNivel VALUES('SETENTA',30);
INSERT INTO PalabrasNivel VALUES('SIETE',30);
INSERT INTO PalabrasNivel VALUES('TRECE',30);
INSERT INTO PalabrasNivel VALUES('TRECIENTOS',30);
INSERT INTO PalabrasNivel VALUES('TREINTA',30);
INSERT INTO PalabrasNivel VALUES('TRES',30);
INSERT INTO PalabrasNivel VALUES('TRES MIL',30);
INSERT INTO PalabrasNivel VALUES('UN MILLON',30);
INSERT INTO PalabrasNivel VALUES('UNO',30);
INSERT INTO PalabrasNivel VALUES('VEINTE',30);
INSERT INTO PalabrasNivel VALUES('VEINTIDOS MIL',30);
INSERT INTO PalabrasNivel VALUES('VIENTISIETE MIL',30);
INSERT INTO PalabrasNivel VALUES('AYUDAR',30);
INSERT INTO PalabrasNivel VALUES('CAMINAR',30);
INSERT INTO PalabrasNivel VALUES('CANTAR',30);
INSERT INTO PalabrasNivel VALUES('COMPRAR',30);
INSERT INTO PalabrasNivel VALUES('CONTAR',30);
INSERT INTO PalabrasNivel VALUES('DAR',30);
INSERT INTO PalabrasNivel VALUES('ENSEÑAR',30);
INSERT INTO PalabrasNivel VALUES('ESTUDIAR',30);
INSERT INTO PalabrasNivel VALUES('GUSTAR',30);
INSERT INTO PalabrasNivel VALUES('JUGAR',30);
INSERT INTO PalabrasNivel VALUES('LIMPIAR',30);
INSERT INTO PalabrasNivel VALUES('LLORAR',30);
INSERT INTO PalabrasNivel VALUES('PAGAR',30);
INSERT INTO PalabrasNivel VALUES('PEINAR',30);
INSERT INTO PalabrasNivel VALUES('PENSAR',30);
INSERT INTO PalabrasNivel VALUES('REGALAR',30);
INSERT INTO PalabrasNivel VALUES('SALTAR',30);
INSERT INTO PalabrasNivel VALUES('TRABAJAR',30);
INSERT INTO PalabrasNivel VALUES('CONOCER',30);
INSERT INTO PalabrasNivel VALUES('HACER',30);
INSERT INTO PalabrasNivel VALUES('VENDER',30);
INSERT INTO PalabrasNivel VALUES('AGUA',31);
INSERT INTO PalabrasNivel VALUES('AREPA',31);
INSERT INTO PalabrasNivel VALUES('ARROZ',31);
INSERT INTO PalabrasNivel VALUES('CAFE',31);
INSERT INTO PalabrasNivel VALUES('CARAOTAS',31);
INSERT INTO PalabrasNivel VALUES('CARNE',31);
INSERT INTO PalabrasNivel VALUES('ENSALADA',31);
INSERT INTO PalabrasNivel VALUES('JUGO',31);
INSERT INTO PalabrasNivel VALUES('LECHE',31);
INSERT INTO PalabrasNivel VALUES('PAN',31);
INSERT INTO PalabrasNivel VALUES('PANELA',31);
INSERT INTO PalabrasNivel VALUES('PASTA',31);
INSERT INTO PalabrasNivel VALUES('PESCADO',31);
INSERT INTO PalabrasNivel VALUES('PLATANO',31);
INSERT INTO PalabrasNivel VALUES('POLLO',31);
INSERT INTO PalabrasNivel VALUES('YUCA',31);
INSERT INTO PalabrasNivel VALUES('CAMBUR',32);
INSERT INTO PalabrasNivel VALUES('FRESA',32);
INSERT INTO PalabrasNivel VALUES('GUAYABA',32);
INSERT INTO PalabrasNivel VALUES('LECHOZA',32);
INSERT INTO PalabrasNivel VALUES('LIMON',32);
INSERT INTO PalabrasNivel VALUES('MANZANA',32);
INSERT INTO PalabrasNivel VALUES('MELON',32);
INSERT INTO PalabrasNivel VALUES('MORA',32);
INSERT INTO PalabrasNivel VALUES('NARANJA',32);
INSERT INTO PalabrasNivel VALUES('PARCHITA',32);
INSERT INTO PalabrasNivel VALUES('PATILLA',32);
INSERT INTO PalabrasNivel VALUES('PERA',32);
INSERT INTO PalabrasNivel VALUES('PIÑA',32);
INSERT INTO PalabrasNivel VALUES('UVA',32);
INSERT INTO PalabrasNivel VALUES('BOSQUE',33);
INSERT INTO PalabrasNivel VALUES('CAMPO',33);
INSERT INTO PalabrasNivel VALUES('CASA',33);
INSERT INTO PalabrasNivel VALUES('ESCUELA',33);
INSERT INTO PalabrasNivel VALUES('GRANJA',33);
INSERT INTO PalabrasNivel VALUES('PARQUE',33);
INSERT INTO PalabrasNivel VALUES('PLAYA',33);
INSERT INTO PalabrasNivel VALUES('PUEBLO',33);
INSERT INTO PalabrasNivel VALUES('VENEZUELA',33);
INSERT INTO PalabrasNivel VALUES('CATORCE',34);
INSERT INTO PalabrasNivel VALUES('CIEN',34);
INSERT INTO PalabrasNivel VALUES('CIEN MIL',34);
INSERT INTO PalabrasNivel VALUES('CINCO',34);
INSERT INTO PalabrasNivel VALUES('CINCUENTA',34);
INSERT INTO PalabrasNivel VALUES('CUARENTA',34);
INSERT INTO PalabrasNivel VALUES('CUATRO',34);
INSERT INTO PalabrasNivel VALUES('CUATROCIENTOS',34);
INSERT INTO PalabrasNivel VALUES('DIECINUEVE',34);
INSERT INTO PalabrasNivel VALUES('DIECIOCHO',34);
INSERT INTO PalabrasNivel VALUES('DIECISEIS MIL',34);
INSERT INTO PalabrasNivel VALUES('DIECISIETE',34);
INSERT INTO PalabrasNivel VALUES('DIECISEIS',34);
INSERT INTO PalabrasNivel VALUES('DIEZ',34);
INSERT INTO PalabrasNivel VALUES('DIEZ MIL',34);
INSERT INTO PalabrasNivel VALUES('DOCE',34);
INSERT INTO PalabrasNivel VALUES('DOS',34);
INSERT INTO PalabrasNivel VALUES('DOSCIENTOS',34);
INSERT INTO PalabrasNivel VALUES('DOSCIENTOS CINCUENTA MIL',34);
INSERT INTO PalabrasNivel VALUES('DOS MIL',34);
INSERT INTO PalabrasNivel VALUES('MIL',34);
INSERT INTO PalabrasNivel VALUES('NOVECIENTOS',34);
INSERT INTO PalabrasNivel VALUES('NOVENTA',34);
INSERT INTO PalabrasNivel VALUES('NUEVE',34);
INSERT INTO PalabrasNivel VALUES('OCHENTA',34);
INSERT INTO PalabrasNivel VALUES('OCHO',34);
INSERT INTO PalabrasNivel VALUES('OCHOCIENTOS',34);
INSERT INTO PalabrasNivel VALUES('OCHOCIENTOS MIL',34);
INSERT INTO PalabrasNivel VALUES('OCHO MIL',34);
INSERT INTO PalabrasNivel VALUES('ONCE',34);
INSERT INTO PalabrasNivel VALUES('QUINCE',34);
INSERT INTO PalabrasNivel VALUES('QUINIENTOS',34);
INSERT INTO PalabrasNivel VALUES('SEIS',34);
INSERT INTO PalabrasNivel VALUES('SEISCIENTOS',34);
INSERT INTO PalabrasNivel VALUES('SESENTA',34);
INSERT INTO PalabrasNivel VALUES('SETECIENTOS',34);
INSERT INTO PalabrasNivel VALUES('SETENTA',34);
INSERT INTO PalabrasNivel VALUES('SIETE',34);
INSERT INTO PalabrasNivel VALUES('TRECE',34);
INSERT INTO PalabrasNivel VALUES('TRECIENTOS',34);
INSERT INTO PalabrasNivel VALUES('TREINTA',34);
INSERT INTO PalabrasNivel VALUES('TRES',34);
INSERT INTO PalabrasNivel VALUES('TRES MIL',34);
INSERT INTO PalabrasNivel VALUES('UN MILLON',34);
INSERT INTO PalabrasNivel VALUES('UNO',34);
INSERT INTO PalabrasNivel VALUES('VEINTE',34);
INSERT INTO PalabrasNivel VALUES('VEINTIDOS MIL',34);
INSERT INTO PalabrasNivel VALUES('VIENTISIETE MIL',34);
INSERT INTO PalabrasNivel VALUES('AYUDAR',35);
INSERT INTO PalabrasNivel VALUES('CAMINAR',35);
INSERT INTO PalabrasNivel VALUES('CANTAR',35);
INSERT INTO PalabrasNivel VALUES('COMPRAR',35);
INSERT INTO PalabrasNivel VALUES('CONTAR',35);
INSERT INTO PalabrasNivel VALUES('DAR',35);
INSERT INTO PalabrasNivel VALUES('ENSEÑAR',35);
INSERT INTO PalabrasNivel VALUES('ESTUDIAR',35);
INSERT INTO PalabrasNivel VALUES('GUSTAR',35);
INSERT INTO PalabrasNivel VALUES('JUGAR',35);
INSERT INTO PalabrasNivel VALUES('LIMPIAR',35);
INSERT INTO PalabrasNivel VALUES('LLORAR',35);
INSERT INTO PalabrasNivel VALUES('PAGAR',35);
INSERT INTO PalabrasNivel VALUES('PEINAR',35);
INSERT INTO PalabrasNivel VALUES('PENSAR',35);
INSERT INTO PalabrasNivel VALUES('REGALAR',35);
INSERT INTO PalabrasNivel VALUES('SALTAR',35);
INSERT INTO PalabrasNivel VALUES('TRABAJAR',35);
INSERT INTO PalabrasNivel VALUES('CONOCER',36);
INSERT INTO PalabrasNivel VALUES('HACER',36);
INSERT INTO PalabrasNivel VALUES('VENDER',36);
INSERT INTO PalabrasNivel VALUES('AREPA',37);
INSERT INTO PalabrasNivel VALUES('ARROZ',37);
INSERT INTO PalabrasNivel VALUES('ARVEJAS',37);
INSERT INTO PalabrasNivel VALUES('CARAOTAS',37);
INSERT INTO PalabrasNivel VALUES('CARNE',37);
INSERT INTO PalabrasNivel VALUES('CASABE',37);
INSERT INTO PalabrasNivel VALUES('EMPANADA',37);
INSERT INTO PalabrasNivel VALUES('FRIJOLES',37);
INSERT INTO PalabrasNivel VALUES('GRANOS',37);
INSERT INTO PalabrasNivel VALUES('HAMBURGUESA',37);
INSERT INTO PalabrasNivel VALUES('HUEVO',37);
INSERT INTO PalabrasNivel VALUES('LECHE',37);
INSERT INTO PalabrasNivel VALUES('MORTADELA',37);
INSERT INTO PalabrasNivel VALUES('PABELLON',37);
INSERT INTO PalabrasNivel VALUES('PARRILLA',37);
INSERT INTO PalabrasNivel VALUES('PASTICHO',37);
INSERT INTO PalabrasNivel VALUES('PESCADO',37);
INSERT INTO PalabrasNivel VALUES('PIZZA',37);
INSERT INTO PalabrasNivel VALUES('PLATANO',37);
INSERT INTO PalabrasNivel VALUES('POLLO',37);
INSERT INTO PalabrasNivel VALUES('QUESO',37);
INSERT INTO PalabrasNivel VALUES('CHOZA',37);
INSERT INTO PalabrasNivel VALUES('DEPOSITO',37);
INSERT INTO PalabrasNivel VALUES('EDIFICIO',37);
INSERT INTO PalabrasNivel VALUES('ESCALERA',37);
INSERT INTO PalabrasNivel VALUES('ESTACIONAMIENTO',37);
INSERT INTO PalabrasNivel VALUES('FARMACIA',37);
INSERT INTO PalabrasNivel VALUES('GRADAS',37);
INSERT INTO PalabrasNivel VALUES('HOSPITAL',37);
INSERT INTO PalabrasNivel VALUES('HOTEL',37);
INSERT INTO PalabrasNivel VALUES('PASILLO',37);
INSERT INTO PalabrasNivel VALUES('SEGURO SOCIAL',37);
INSERT INTO PalabrasNivel VALUES('CHORROS DE MILLA',37);
INSERT INTO PalabrasNivel VALUES('LA CATEDRAL',37);
INSERT INTO PalabrasNivel VALUES('LOCA LUZ CARABALLO',37);
INSERT INTO PalabrasNivel VALUES('LOS ALEROS',37);
INSERT INTO PalabrasNivel VALUES('MONTAÑA DE LOS SUEÑOS',37);
INSERT INTO PalabrasNivel VALUES('OBSERVATORIO',37);
INSERT INTO PalabrasNivel VALUES('PLAZA DE LAS HEROINAS',37);
INSERT INTO PalabrasNivel VALUES('PLAZA DE TOROS',37);
INSERT INTO PalabrasNivel VALUES('TELEFERICO',37);
INSERT INTO PalabrasNivel VALUES('VENEZUELA DE ANTIER',37);
INSERT INTO PalabrasNivel VALUES('AREPA',38);
INSERT INTO PalabrasNivel VALUES('ARROZ',38);
INSERT INTO PalabrasNivel VALUES('ARVEJAS',38);
INSERT INTO PalabrasNivel VALUES('CARAOTAS',38);
INSERT INTO PalabrasNivel VALUES('CARNE',38);
INSERT INTO PalabrasNivel VALUES('CASABE',38);
INSERT INTO PalabrasNivel VALUES('EMPANADA',38);
INSERT INTO PalabrasNivel VALUES('FRIJOLES',38);
INSERT INTO PalabrasNivel VALUES('GRANOS',38);
INSERT INTO PalabrasNivel VALUES('HAMBURGUESA',38);
INSERT INTO PalabrasNivel VALUES('HUEVO',38);
INSERT INTO PalabrasNivel VALUES('LECHE',38);
INSERT INTO PalabrasNivel VALUES('MORTADELA',38);
INSERT INTO PalabrasNivel VALUES('PABELLON',38);
INSERT INTO PalabrasNivel VALUES('PARRILLA',38);
INSERT INTO PalabrasNivel VALUES('PASTICHO',38);
INSERT INTO PalabrasNivel VALUES('PESCADO',38);
INSERT INTO PalabrasNivel VALUES('PIZZA',38);
INSERT INTO PalabrasNivel VALUES('PLATANO',38);
INSERT INTO PalabrasNivel VALUES('POLLO',38);
INSERT INTO PalabrasNivel VALUES('QUESO',38);
INSERT INTO PalabrasNivel VALUES('CHOZA',39);
INSERT INTO PalabrasNivel VALUES('DEPOSITO',39);
INSERT INTO PalabrasNivel VALUES('EDIFICIO',39);
INSERT INTO PalabrasNivel VALUES('ESCALERA',39);
INSERT INTO PalabrasNivel VALUES('ESTACIONAMIENTO',39);
INSERT INTO PalabrasNivel VALUES('FARMACIA',39);
INSERT INTO PalabrasNivel VALUES('GRADAS',39);
INSERT INTO PalabrasNivel VALUES('HOSPITAL',39);
INSERT INTO PalabrasNivel VALUES('HOTEL',39);
INSERT INTO PalabrasNivel VALUES('PASILLO',39);
INSERT INTO PalabrasNivel VALUES('SEGURO SOCIAL',39);
INSERT INTO PalabrasNivel VALUES('CHORROS DE MILLA',40);
INSERT INTO PalabrasNivel VALUES('LA CATEDRAL',40);
INSERT INTO PalabrasNivel VALUES('LOCA LUZ CARABALLO',40);
INSERT INTO PalabrasNivel VALUES('LOS ALEROS',40);
INSERT INTO PalabrasNivel VALUES('MONTAÑA DE LOS SUEÑOS',40);
INSERT INTO PalabrasNivel VALUES('OBSERVATORIO',40);
INSERT INTO PalabrasNivel VALUES('PLAZA DE LAS HEROINAS',40);
INSERT INTO PalabrasNivel VALUES('PLAZA DE TOROS',40);
INSERT INTO PalabrasNivel VALUES('TELEFERICO',40);
INSERT INTO PalabrasNivel VALUES('VENEZUELA DE ANTIER',40);
INSERT INTO PalabrasNivel VALUES('AUYAMA',41);
INSERT INTO PalabrasNivel VALUES('ARROZ',41);
INSERT INTO PalabrasNivel VALUES('ARVEJA',41);
INSERT INTO PalabrasNivel VALUES('BROCOLI',41);
INSERT INTO PalabrasNivel VALUES('CARAOTAS',41);
INSERT INTO PalabrasNivel VALUES('CEBOLLA',41);
INSERT INTO PalabrasNivel VALUES('CILANTRO',41);
INSERT INTO PalabrasNivel VALUES('COLIFLOR',41);
INSERT INTO PalabrasNivel VALUES('PIMENTON',41);
INSERT INTO PalabrasNivel VALUES('TOMATE',41);
INSERT INTO PalabrasNivel VALUES('YUCA',41);
INSERT INTO PalabrasNivel VALUES('ZANAHORIA',41);
INSERT INTO PalabrasNivel VALUES('BALLENA',41);
INSERT INTO PalabrasNivel VALUES('BURRO',41);
INSERT INTO PalabrasNivel VALUES('CABALLO',41);
INSERT INTO PalabrasNivel VALUES('CHIVO',41);
INSERT INTO PalabrasNivel VALUES('COCHINO',41);
INSERT INTO PalabrasNivel VALUES('CONEJO',41);
INSERT INTO PalabrasNivel VALUES('ELEFANTE',41);
INSERT INTO PalabrasNivel VALUES('GALLO',41);
INSERT INTO PalabrasNivel VALUES('GATO',41);
INSERT INTO PalabrasNivel VALUES('JIRAFA',41);
INSERT INTO PalabrasNivel VALUES('MONO',41);
INSERT INTO PalabrasNivel VALUES('OSO',41);
INSERT INTO PalabrasNivel VALUES('PATO',41);
INSERT INTO PalabrasNivel VALUES('PERRO',41);
INSERT INTO PalabrasNivel VALUES('PEZ',41);
INSERT INTO PalabrasNivel VALUES('POLLITO',41);
INSERT INTO PalabrasNivel VALUES('RATON',41);
INSERT INTO PalabrasNivel VALUES('SAPO',41);
INSERT INTO PalabrasNivel VALUES('TIGRE',41);
INSERT INTO PalabrasNivel VALUES('TORO',41);
INSERT INTO PalabrasNivel VALUES('TORTUGA',41);
INSERT INTO PalabrasNivel VALUES('VACA',41);
INSERT INTO PalabrasNivel VALUES('AMARILLO',41);
INSERT INTO PalabrasNivel VALUES('ANARANJADO',41);
INSERT INTO PalabrasNivel VALUES('AZUL',41);
INSERT INTO PalabrasNivel VALUES('BLANCO',41);
INSERT INTO PalabrasNivel VALUES('MARRON',41);
INSERT INTO PalabrasNivel VALUES('MORADO',41);
INSERT INTO PalabrasNivel VALUES('NEGRO',41);
INSERT INTO PalabrasNivel VALUES('ROJO',41);
INSERT INTO PalabrasNivel VALUES('VERDE',41);
INSERT INTO PalabrasNivel VALUES('ABUELA',41);
INSERT INTO PalabrasNivel VALUES('ABUELO',41);
INSERT INTO PalabrasNivel VALUES('MAMA',41);
INSERT INTO PalabrasNivel VALUES('PAPA',41);
INSERT INTO PalabrasNivel VALUES('TIO',41);
INSERT INTO PalabrasNivel VALUES('TIA',41);
INSERT INTO PalabrasNivel VALUES('BIBLIOTECA',41);
INSERT INTO PalabrasNivel VALUES('CARTELERA',41);
INSERT INTO PalabrasNivel VALUES('ESCRITORIO',41);
INSERT INTO PalabrasNivel VALUES('MESA',41);
INSERT INTO PalabrasNivel VALUES('PIZARRA',41);
INSERT INTO PalabrasNivel VALUES('PUERTA',41);
INSERT INTO PalabrasNivel VALUES('SILLA',41);
INSERT INTO PalabrasNivel VALUES('VENTANA',41);
INSERT INTO PalabrasNivel VALUES('FRANCISCO DE MIRANDA',41);
INSERT INTO PalabrasNivel VALUES('RAFAEL URDANETA',41);
INSERT INTO PalabrasNivel VALUES('SIMON BOLIVAR',41);
INSERT INTO PalabrasNivel VALUES('BORRADOR',41);
INSERT INTO PalabrasNivel VALUES('COLORES',41);
INSERT INTO PalabrasNivel VALUES('CUADERNO',41);
INSERT INTO PalabrasNivel VALUES('LAPIZ',41);
INSERT INTO PalabrasNivel VALUES('LIBRO',41);
INSERT INTO PalabrasNivel VALUES('REGLA',41);
INSERT INTO PalabrasNivel VALUES('SACAPUNTAS',41);
INSERT INTO PalabrasNivel VALUES('TIJERA',41);
INSERT INTO PalabrasNivel VALUES('AUYAMA',42);
INSERT INTO PalabrasNivel VALUES('ARROZ',42);
INSERT INTO PalabrasNivel VALUES('ARVEJA',42);
INSERT INTO PalabrasNivel VALUES('BROCOLI',42);
INSERT INTO PalabrasNivel VALUES('CARAOTAS',42);
INSERT INTO PalabrasNivel VALUES('CEBOLLA',42);
INSERT INTO PalabrasNivel VALUES('CILANTRO',42);
INSERT INTO PalabrasNivel VALUES('COLIFLOR',42);
INSERT INTO PalabrasNivel VALUES('PIMENTON',42);
INSERT INTO PalabrasNivel VALUES('TOMATE',42);
INSERT INTO PalabrasNivel VALUES('YUCA',42);
INSERT INTO PalabrasNivel VALUES('ZANAHORIA',42);
INSERT INTO PalabrasNivel VALUES('BALLENA',43);
INSERT INTO PalabrasNivel VALUES('BURRO',43);
INSERT INTO PalabrasNivel VALUES('CABALLO',43);
INSERT INTO PalabrasNivel VALUES('CHIVO',43);
INSERT INTO PalabrasNivel VALUES('COCHINO',43);
INSERT INTO PalabrasNivel VALUES('CONEJO',43);
INSERT INTO PalabrasNivel VALUES('ELEFANTE',43);
INSERT INTO PalabrasNivel VALUES('GALLO',43);
INSERT INTO PalabrasNivel VALUES('GATO',43);
INSERT INTO PalabrasNivel VALUES('JIRAFA',43);
INSERT INTO PalabrasNivel VALUES('MONO',43);
INSERT INTO PalabrasNivel VALUES('OSO',43);
INSERT INTO PalabrasNivel VALUES('PATO',43);
INSERT INTO PalabrasNivel VALUES('PERRO',43);
INSERT INTO PalabrasNivel VALUES('PEZ',43);
INSERT INTO PalabrasNivel VALUES('POLLITO',43);
INSERT INTO PalabrasNivel VALUES('RATON',43);
INSERT INTO PalabrasNivel VALUES('SAPO',43);
INSERT INTO PalabrasNivel VALUES('TIGRE',43);
INSERT INTO PalabrasNivel VALUES('TORO',43);
INSERT INTO PalabrasNivel VALUES('TORTUGA',43);
INSERT INTO PalabrasNivel VALUES('VACA',43);
INSERT INTO PalabrasNivel VALUES('AMARILLO',44);
INSERT INTO PalabrasNivel VALUES('ANARANJADO',44);
INSERT INTO PalabrasNivel VALUES('AZUL',44);
INSERT INTO PalabrasNivel VALUES('BLANCO',44);
INSERT INTO PalabrasNivel VALUES('MARRON',44);
INSERT INTO PalabrasNivel VALUES('MORADO',44);
INSERT INTO PalabrasNivel VALUES('NEGRO',44);
INSERT INTO PalabrasNivel VALUES('ROJO',44);
INSERT INTO PalabrasNivel VALUES('VERDE',44);
INSERT INTO PalabrasNivel VALUES('ABUELA',45);
INSERT INTO PalabrasNivel VALUES('ABUELO',45);
INSERT INTO PalabrasNivel VALUES('MAMA',45);
INSERT INTO PalabrasNivel VALUES('PAPA',45);
INSERT INTO PalabrasNivel VALUES('TIO',45);
INSERT INTO PalabrasNivel VALUES('TIA',45);
INSERT INTO PalabrasNivel VALUES('BIBLIOTECA',46);
INSERT INTO PalabrasNivel VALUES('CARTELERA',46);
INSERT INTO PalabrasNivel VALUES('ESCRITORIO',46);
INSERT INTO PalabrasNivel VALUES('MESA',46);
INSERT INTO PalabrasNivel VALUES('PIZARRA',46);
INSERT INTO PalabrasNivel VALUES('PUERTA',46);
INSERT INTO PalabrasNivel VALUES('SILLA',46);
INSERT INTO PalabrasNivel VALUES('VENTANA',46);
INSERT INTO PalabrasNivel VALUES('FRANCISCO DE MIRANDA',47);
INSERT INTO PalabrasNivel VALUES('RAFAEL URDANETA',47);
INSERT INTO PalabrasNivel VALUES('SIMON BOLIVAR',47);
INSERT INTO PalabrasNivel VALUES('BORRADOR',48);
INSERT INTO PalabrasNivel VALUES('COLORES',48);
INSERT INTO PalabrasNivel VALUES('CUADERNO',48);
INSERT INTO PalabrasNivel VALUES('LAPIZ',48);
INSERT INTO PalabrasNivel VALUES('LIBRO',48);
INSERT INTO PalabrasNivel VALUES('REGLA',48);
INSERT INTO PalabrasNivel VALUES('SACAPUNTAS',48);
INSERT INTO PalabrasNivel VALUES('TIJERA',48);
INSERT INTO PalabrasNivel VALUES('FEO',30);
INSERT INTO PalabrasNivel VALUES('FRIO',30);
INSERT INTO PalabrasNivel VALUES('GRANDE',30);
INSERT INTO PalabrasNivel VALUES('LINDO',30);
INSERT INTO PalabrasNivel VALUES('MUCHO',30);
INSERT INTO PalabrasNivel VALUES('PEQUEÑO',30);
INSERT INTO PalabrasNivel VALUES('BARQUISIMETO',30);
INSERT INTO PalabrasNivel VALUES('CARACAS',30);
INSERT INTO PalabrasNivel VALUES('CULATA',30);
INSERT INTO PalabrasNivel VALUES('MARACAIBO',30);
INSERT INTO PalabrasNivel VALUES('PARAMO',30);
INSERT INTO PalabrasNivel VALUES('PUEBLO LLANO',30);
INSERT INTO PalabrasNivel VALUES('AMAR',30);
INSERT INTO PalabrasNivel VALUES('APRENDER',30);
INSERT INTO PalabrasNivel VALUES('BEBER',30);
INSERT INTO PalabrasNivel VALUES('COMER',30);
INSERT INTO PalabrasNivel VALUES('CORRER',30);
INSERT INTO PalabrasNivel VALUES('DOLER',30);
INSERT INTO PalabrasNivel VALUES('LEER',30);
INSERT INTO PalabrasNivel VALUES('PODER',30);
INSERT INTO PalabrasNivel VALUES('RESPONDER',30);
INSERT INTO PalabrasNivel VALUES('TENER',30);
INSERT INTO PalabrasNivel VALUES('COMPARTIR',30);
INSERT INTO PalabrasNivel VALUES('DECIDIR',30);
INSERT INTO PalabrasNivel VALUES('DECIR',30);
INSERT INTO PalabrasNivel VALUES('ESCRIBIR',30);
INSERT INTO PalabrasNivel VALUES('IR',30);
INSERT INTO PalabrasNivel VALUES('MENTIR',30);
INSERT INTO PalabrasNivel VALUES('MORIR',30);
INSERT INTO PalabrasNivel VALUES('VIVIR',30);
INSERT INTO PalabrasNivel VALUES('FEO',49);
INSERT INTO PalabrasNivel VALUES('FRIO',49);
INSERT INTO PalabrasNivel VALUES('GRANDE',49);
INSERT INTO PalabrasNivel VALUES('LINDO',49);
INSERT INTO PalabrasNivel VALUES('MUCHO',49);
INSERT INTO PalabrasNivel VALUES('PEQUEÑO',49);
INSERT INTO PalabrasNivel VALUES('BARQUISIMETO',33);
INSERT INTO PalabrasNivel VALUES('CARACAS',33);
INSERT INTO PalabrasNivel VALUES('CULATA',33);
INSERT INTO PalabrasNivel VALUES('MARACAIBO',33);
INSERT INTO PalabrasNivel VALUES('PARAMO',33);
INSERT INTO PalabrasNivel VALUES('PUEBLO LLANO',33);
INSERT INTO PalabrasNivel VALUES('AMAR',35);
INSERT INTO PalabrasNivel VALUES('APRENDER',36);
INSERT INTO PalabrasNivel VALUES('BEBER',36);
INSERT INTO PalabrasNivel VALUES('COMER',36);
INSERT INTO PalabrasNivel VALUES('CORRER',36);
INSERT INTO PalabrasNivel VALUES('DOLER',36);
INSERT INTO PalabrasNivel VALUES('LEER',36);
INSERT INTO PalabrasNivel VALUES('PODER',36);
INSERT INTO PalabrasNivel VALUES('RESPONDER',36);
INSERT INTO PalabrasNivel VALUES('TENER',36);
INSERT INTO PalabrasNivel VALUES('COMPARTIR',50);
INSERT INTO PalabrasNivel VALUES('DECIDIR',50);
INSERT INTO PalabrasNivel VALUES('DECIR',50);
INSERT INTO PalabrasNivel VALUES('ESCRIBIR',50);
INSERT INTO PalabrasNivel VALUES('IR',50);
INSERT INTO PalabrasNivel VALUES('MENTIR',50);
INSERT INTO PalabrasNivel VALUES('MORIR',50);
INSERT INTO PalabrasNivel VALUES('VIVIR',50);

DELETE FROM sqlite_sequence;
INSERT INTO sqlite_sequence VALUES('Categorias',21);
INSERT INTO sqlite_sequence VALUES('Niveles',50);
COMMIT;
